timestamp,provider,gpu_model,gpu_count,region,price_per_hour_usd,pricing_type,available,vcpus,ram_gb,vram_gb,interconnect,shade_instance_type,tdp_watts,energy_cost_per_hour_usd,tco_per_hour_usd,tco_per_pflop_usd,carbon_intensity_gco2_kwh,carbon_per_hour_gco2,electricity_price_kwh
2026-03-11T15:06:19.949032+00:00,hyperstack,A4000,1,oslo-norway-1,0.15,on_demand,True,4,21,16,pcie,A4000,,,,,,,
2026-03-11T15:06:19.949032+00:00,lambdalabs,CPU,0,austin-usa-1,0.2,on_demand,False,4,16,0,pcie,cpu_small,,,,,,,
2026-03-11T15:06:19.949032+00:00,hyperstack,A4000,2,oslo-norway-1,0.3,on_demand,True,8,43,16,nvlink,A4000x2,,,,,,,
2026-03-11T15:06:19.949032+00:00,massedcompute,A30,1,desmoines-usa-1,0.33,on_demand,False,16,48,24,pcie,A30,,,,,,,
2026-03-11T15:06:19.949032+00:00,massedcompute,A30,1,wichita-usa-1,0.33,on_demand,False,16,48,24,pcie,A30,,,,,,,
2026-03-11T15:06:19.949032+00:00,hyperstack,CPU,0,oslo-norway-1,0.35,on_demand,True,4,4,0,pcie,cpu_small,,,,,,,
2026-03-11T15:06:19.949032+00:00,hyperstack,CPU,0,montreal-canada-2,0.35,on_demand,True,4,4,0,pcie,cpu_small,,,,,,,
2026-03-11T15:06:19.949032+00:00,verda,V100,1,helsinki-finland-1,0.39,on_demand,True,6,23,16,pcie,V100,,,,,,,
2026-03-11T15:06:19.949032+00:00,massedcompute,A5000,1,desmoines-usa-1,0.41,on_demand,False,10,48,24,pcie,A5000,,,,,,,
2026-03-11T15:06:19.949032+00:00,cudo,A4000,1,smedjebacken-sweden-1,0.47,on_demand,False,6,24,16,pcie,A4000,,,,,,,
2026-03-11T15:06:19.949032+00:00,imwt,A6000,1,kansascity-usa-6,0.49,on_demand,False,6,48,48,pcie,A6000,,,,,,,
2026-03-11T15:06:19.949032+00:00,imwt,A6000,1,desmoines-usa-2,0.49,on_demand,False,6,48,48,pcie,A6000,,,,,,,
2026-03-11T15:06:19.949032+00:00,imwt,A6000,1,kansascity-usa-2,0.49,on_demand,True,6,48,48,pcie,A6000,,,,,,,
2026-03-11T15:06:19.949032+00:00,cudo,A5000,1,montreal-canada-4,0.49,on_demand,False,6,24,24,pcie,A5000,,,,,,,
2026-03-11T15:06:19.949032+00:00,hyperstack,A6000,1,montreal-canada-2,0.5,on_demand,True,28,58,48,pcie,A6000,,,,,,,
2026-03-11T15:06:19.949032+00:00,hyperstack,A6000,1,oslo-norway-1,0.5,on_demand,False,28,58,48,pcie,A6000,,,,,,,
2026-03-11T15:06:19.949032+00:00,lambdalabs,RTX6000,1,mumbai-india-1,0.5,on_demand,False,14,46,24,pcie,RTX6000,,,,,,,
2026-03-11T15:06:19.949032+00:00,lambdalabs,RTX6000,1,chicago-usa-2,0.5,on_demand,False,14,46,24,pcie,RTX6000,,,,,,,
2026-03-11T15:06:19.949032+00:00,lambdalabs,RTX6000,1,phoenix-usa-2,0.5,on_demand,False,14,46,24,pcie,RTX6000,,,,,,,
2026-03-11T15:06:19.949032+00:00,lambdalabs,RTX6000,1,sanjose-usa-2,0.5,on_demand,False,14,46,24,pcie,RTX6000,,,,,,,
2026-03-11T15:06:19.949032+00:00,lambdalabs,RTX6000,1,dulles-usa-1,0.5,on_demand,False,14,46,24,pcie,RTX6000,,,,,,,
2026-03-11T15:06:19.949032+00:00,lambdalabs,RTX6000,1,saltlakecity-usa-1,0.5,on_demand,False,14,46,24,pcie,RTX6000,,,,,,,
2026-03-11T15:06:19.949032+00:00,lambdalabs,RTX6000,1,dallas-usa-2,0.5,on_demand,False,14,46,24,pcie,RTX6000,,,,,,,
2026-03-11T15:06:19.949032+00:00,vultr,A16,1,tokyo-japan-2,0.51,on_demand,True,6,64,16,pcie,A16,,,,,,,
2026-03-11T15:06:19.949032+00:00,vultr,A16,1,chicago-usa-1,0.51,on_demand,True,6,64,16,pcie,A16,,,,,,,
2026-03-11T15:06:19.949032+00:00,vultr,A16,1,london-uk-1,0.51,on_demand,True,6,64,16,pcie,A16,,,,,,,
2026-03-11T15:06:19.949032+00:00,vultr,A16,1,singapore-singapore-1,0.51,on_demand,True,6,64,16,pcie,A16,,,,,,,
2026-03-11T15:06:19.949032+00:00,vultr,A16,1,frankfurt-germany-6,0.51,on_demand,True,6,64,16,pcie,A16,,,,,,,
2026-03-11T15:06:19.949032+00:00,vultr,A16,1,sanjose-usa-1,0.51,on_demand,True,6,64,16,pcie,A16,,,,,,,
2026-03-11T15:06:19.949032+00:00,vultr,A16,1,bangalore-india-1,0.51,on_demand,True,6,64,16,pcie,A16,,,,,,,
2026-03-11T15:06:19.949032+00:00,vultr,A16,1,newark-usa-1,0.51,on_demand,True,6,64,16,pcie,A16,,,,,,,
2026-03-11T15:06:19.949032+00:00,vultr,A16,1,atl,0.51,on_demand,True,6,64,16,pcie,A16,,,,,,,
2026-03-11T15:06:19.949032+00:00,cudo,A40,1,stockholm-sweden-2,0.53,on_demand,False,6,24,48,pcie,A40,,,,,,,
2026-03-11T15:06:19.949032+00:00,cudo,A40,1,montreal-canada-4,0.53,on_demand,False,6,24,48,pcie,A40,,,,,,,
2026-03-11T15:06:19.949032+00:00,massedcompute,A6000,1,kansascity-usa-5,0.57,on_demand,False,6,48,48,pcie,A6000,,,,,,,
2026-03-11T15:06:19.949032+00:00,massedcompute,A6000,1,kansascity-usa-1,0.57,on_demand,True,6,48,48,pcie,A6000,,,,,,,
2026-03-11T15:06:19.949032+00:00,massedcompute,A6000,1,desmoines-usa-1,0.57,on_demand,False,6,48,48,pcie,A6000,,,,,,,
2026-03-11T15:06:19.949032+00:00,massedcompute,A6000,1,desmoines-usa-1,0.57,on_demand,True,12,64,48,pcie,A6000_plus,,,,,,,
2026-03-11T15:06:19.949032+00:00,massedcompute,A6000,1,wichita-usa-1,0.57,on_demand,False,12,64,48,pcie,A6000_plus,,,,,,,
2026-03-11T15:06:19.949032+00:00,massedcompute,A6000,1,kansascity-usa-1,0.57,on_demand,True,12,64,48,pcie,A6000_plus,,,,,,,
2026-03-11T15:06:19.949032+00:00,massedcompute,A6000,1,desmoines-usa-3,0.57,on_demand,False,6,24,48,pcie,A6000_base,,,,,,,
2026-03-11T15:06:19.949032+00:00,massedcompute,A6000,1,desmoines-usa-1,0.57,on_demand,True,6,24,48,pcie,A6000_base,,,,,,,
2026-03-11T15:06:19.949032+00:00,massedcompute,A6000,1,wichita-usa-1,0.57,on_demand,False,6,24,48,pcie,A6000_base,,,,,,,
2026-03-11T15:06:19.949032+00:00,massedcompute,A6000,1,kansascity-usa-1,0.57,on_demand,True,6,24,48,pcie,A6000_base,,,,,,,
2026-03-11T15:06:19.949032+00:00,cudo,A6000,1,stockholm-sweden-2,0.59,on_demand,False,6,24,48,pcie,A6000,,,,,,,
2026-03-11T15:06:19.949032+00:00,excesssupply,RTX4090,1,oslo-norway-3,0.6,on_demand,True,12,70,24,pcie,RTX4090,,,,,,,
2026-03-11T15:06:19.949032+00:00,hyperstack,A4000,4,oslo-norway-1,0.6,on_demand,True,16,86,16,nvlink,A4000x4,,,,,,,
2026-03-11T15:06:19.949032+00:00,hyperstack,CPU,0,oslo-norway-1,0.65,on_demand,True,8,8,0,pcie,cpu_medium,,,,,,,
2026-03-11T15:06:19.949032+00:00,hyperstack,CPU,0,montreal-canada-2,0.65,on_demand,True,8,8,0,pcie,cpu_medium,,,,,,,
2026-03-11T15:06:19.949032+00:00,excesssupply,RTX5090,1,oslo-norway-3,0.65,on_demand,True,12,120,32,pcie,RTX5090,,,,,,,
2026-03-11T15:06:19.949032+00:00,massedcompute,A30,2,desmoines-usa-1,0.66,on_demand,False,30,96,24,nvlink,A30x2,,,,,,,
2026-03-11T15:06:19.949032+00:00,massedcompute,A30,2,wichita-usa-1,0.66,on_demand,False,30,96,24,nvlink,A30x2,,,,,,,
2026-03-11T15:06:19.949032+00:00,latitude,L40S,1,frankfurt-germany-5,0.74,on_demand,False,16,128,48,pcie,L40s_vm,350,0.0455,0.7855,1.071623,,,0.1
2026-03-11T15:06:19.949032+00:00,latitude,L40S,1,dallas-usa-1,0.74,on_demand,False,16,128,48,pcie,L40s_vm,350,0.0455,0.7855,1.071623,,,0.1
2026-03-11T15:06:19.949032+00:00,latitude,L40S,1,ashburn-usa-7,0.74,on_demand,False,16,128,48,pcie,L40s_vm,350,0.0455,0.7855,1.071623,,,0.1
2026-03-11T15:06:19.949032+00:00,lambdalabs,A10,1,mumbai-india-1,0.75,on_demand,False,30,200,24,pcie,A10,,,,,,,
2026-03-11T15:06:19.949032+00:00,lambdalabs,A10,1,chicago-usa-2,0.75,on_demand,False,30,200,24,pcie,A10,,,,,,,
2026-03-11T15:06:19.949032+00:00,lambdalabs,A10,1,phoenix-usa-2,0.75,on_demand,False,30,200,24,pcie,A10,,,,,,,
2026-03-11T15:06:19.949032+00:00,lambdalabs,A10,1,saltlakecity-usa-1,0.75,on_demand,False,30,200,24,pcie,A10,,,,,,,
2026-03-11T15:06:19.949032+00:00,lambdalabs,A10,1,dallas-usa-2,0.75,on_demand,False,30,200,24,pcie,A10,,,,,,,
2026-03-11T15:06:19.949032+00:00,lambdalabs,A10,1,sanjose-usa-2,0.75,on_demand,False,30,200,24,pcie,A10,,,,,,,
2026-03-11T15:06:19.949032+00:00,lambdalabs,A10,1,dulles-usa-1,0.75,on_demand,False,30,200,24,pcie,A10,,,,,,,
2026-03-11T15:06:19.949032+00:00,massedcompute,RTX6000Ada,1,desmoines-usa-1,0.77,on_demand,False,12,80,48,pcie,RTX6000Ada,,,,,,,
2026-03-11T15:06:19.949032+00:00,massedcompute,RTX6000Ada,1,desmoines-usa-3,0.77,on_demand,False,12,80,48,pcie,RTX6000Ada,,,,,,,
2026-03-11T15:06:19.949032+00:00,massedcompute,RTX6000Ada,1,kansascity-usa-5,0.77,on_demand,False,12,80,48,pcie,RTX6000Ada,,,,,,,
2026-03-11T15:06:19.949032+00:00,massedcompute,RTX6000Ada,1,kansascity-usa-1,0.77,on_demand,True,12,80,48,pcie,RTX6000Ada,,,,,,,
2026-03-11T15:06:19.949032+00:00,verda,V100,2,helsinki-finland-1,0.78,on_demand,False,10,45,16,nvlink,V100x2,,,,,,,
2026-03-11T15:06:19.949032+00:00,digitalocean,RTX4000Ada,1,toronto-canada-1,0.79,on_demand,False,8,32,20,pcie,RTX4000Ada,,,,,,,
2026-03-11T15:06:19.949032+00:00,lambdalabs,A6000,1,mumbai-india-1,0.8,on_demand,False,14,100,48,pcie,A6000,,,,,,,
2026-03-11T15:06:19.949032+00:00,lambdalabs,A6000,1,chicago-usa-2,0.8,on_demand,False,14,100,48,pcie,A6000,,,,,,,
2026-03-11T15:06:19.949032+00:00,lambdalabs,A6000,1,phoenix-usa-2,0.8,on_demand,False,14,100,48,pcie,A6000,,,,,,,
2026-03-11T15:06:19.949032+00:00,lambdalabs,A6000,1,sanjose-usa-2,0.8,on_demand,False,14,100,48,pcie,A6000,,,,,,,
2026-03-11T15:06:19.949032+00:00,lambdalabs,A6000,1,dulles-usa-1,0.8,on_demand,False,14,100,48,pcie,A6000,,,,,,,
2026-03-11T15:06:19.949032+00:00,lambdalabs,A6000,1,saltlakecity-usa-1,0.8,on_demand,False,14,100,48,pcie,A6000,,,,,,,
2026-03-11T15:06:19.949032+00:00,lambdalabs,A6000,1,dallas-usa-2,0.8,on_demand,False,14,100,48,pcie,A6000,,,,,,,
2026-03-11T15:06:19.949032+00:00,paperspace,A4000,1,amsterdam-netherlands-1,0.8,on_demand,False,8,45,16,pcie,A4000,,,,,,,
2026-03-11T15:06:19.949032+00:00,paperspace,A4000,1,santaclara-usa-1,0.8,on_demand,False,8,45,16,pcie,A4000,,,,,,,
2026-03-11T15:06:19.949032+00:00,paperspace,A4000,1,newyork-usa-1,0.8,on_demand,True,8,45,16,pcie,A4000,,,,,,,
2026-03-11T15:06:19.949032+00:00,massedcompute,A5000,2,desmoines-usa-1,0.82,on_demand,False,20,96,24,nvlink,A5000x2,,,,,,,
2026-03-11T15:06:19.949032+00:00,massedcompute,L40S,1,desmoines-usa-3,0.86,on_demand,False,22,128,48,pcie,L40S,350,0.0455,0.9055,1.235334,,,0.1
2026-03-11T15:06:19.949032+00:00,massedcompute,L40S,1,kansascity-usa-1,0.86,on_demand,False,22,128,48,pcie,L40S,350,0.0455,0.9055,1.235334,,,0.1
2026-03-11T15:06:19.949032+00:00,massedcompute,L40S,1,kansascity-usa-5,0.86,on_demand,False,22,128,48,pcie,L40S,350,0.0455,0.9055,1.235334,,,0.1
2026-03-11T15:06:19.949032+00:00,massedcompute,L40S,1,desmoines-usa-1,0.86,on_demand,False,22,128,48,pcie,L40S,350,0.0455,0.9055,1.235334,,,0.1
2026-03-11T15:06:19.949032+00:00,scaleway,L4,1,paris-france-5,0.9,on_demand,True,8,48,24,pcie,L4,,,,,,,
2026-03-11T15:06:19.949032+00:00,scaleway,L4,1,paris-france-1,0.9,on_demand,True,8,48,24,pcie,L4,,,,,,,
2026-03-11T15:06:19.949032+00:00,scaleway,L4,1,warsaw-poland-1,0.9,on_demand,True,8,48,24,pcie,L4,,,,,,,
2026-03-11T15:06:19.949032+00:00,cudo,A4000,2,smedjebacken-sweden-1,0.94,on_demand,False,12,48,16,nvlink,A4000x2,,,,,,,
2026-03-11T15:06:19.949032+00:00,cudo,A5000,2,montreal-canada-4,0.97,on_demand,False,12,48,24,nvlink,A5000x2,,,,,,,
2026-03-11T15:06:19.949032+00:00,imwt,A6000,2,desmoines-usa-2,0.98,on_demand,False,14,96,48,nvlink,A6000x2,,,,,,,
2026-03-11T15:06:19.949032+00:00,imwt,A6000,2,kansascity-usa-6,0.98,on_demand,False,14,96,48,nvlink,A6000x2,,,,,,,
2026-03-11T15:06:19.949032+00:00,imwt,A6000,2,kansascity-usa-2,0.98,on_demand,True,14,96,48,nvlink,A6000x2,,,,,,,
2026-03-11T15:06:19.949032+00:00,massedcompute,L40,1,desmoines-usa-1,0.99,on_demand,True,26,192,48,pcie,L40,,,,,,,
2026-03-11T15:06:19.949032+00:00,hyperstack,A6000,2,montreal-canada-2,1.0,on_demand,True,60,116,48,nvlink,A6000x2,,,,,,,
2026-03-11T15:06:19.949032+00:00,hyperstack,A6000,2,oslo-norway-1,1.0,on_demand,False,60,116,48,nvlink,A6000x2,,,,,,,
2026-03-11T15:06:19.949032+00:00,hyperstack,L40,1,montreal-canada-2,1.0,on_demand,True,28,58,48,pcie,L40,,,,,,,
2026-03-11T15:06:19.949032+00:00,vultr,A16,2,sanjose-usa-1,1.02,on_demand,True,12,128,16,nvlink,A16x2,,,,,,,
2026-03-11T15:06:19.949032+00:00,vultr,A16,2,bangalore-india-1,1.02,on_demand,True,12,128,16,nvlink,A16x2,,,,,,,
2026-03-11T15:06:19.949032+00:00,vultr,A16,2,singapore-singapore-1,1.02,on_demand,True,12,128,16,nvlink,A16x2,,,,,,,
2026-03-11T15:06:19.949032+00:00,vultr,A16,2,london-uk-1,1.02,on_demand,True,12,128,16,nvlink,A16x2,,,,,,,
2026-03-11T15:06:19.949032+00:00,vultr,A16,2,newark-usa-1,1.02,on_demand,True,12,128,16,nvlink,A16x2,,,,,,,
2026-03-11T15:06:19.949032+00:00,vultr,A16,2,tokyo-japan-2,1.02,on_demand,True,12,128,16,nvlink,A16x2,,,,,,,
2026-03-11T15:06:19.949032+00:00,vultr,A16,2,frankfurt-germany-6,1.02,on_demand,True,12,128,16,nvlink,A16x2,,,,,,,
2026-03-11T15:06:19.949032+00:00,vultr,A16,2,chicago-usa-1,1.02,on_demand,True,12,128,16,nvlink,A16x2,,,,,,,
2026-03-11T15:06:19.949032+00:00,vultr,A16,2,atl,1.02,on_demand,True,12,128,16,nvlink,A16x2,,,,,,,
2026-03-11T15:06:19.949032+00:00,cudo,A40,2,stockholm-sweden-2,1.05,on_demand,False,12,48,48,nvlink,A40x2,,,,,,,
2026-03-11T15:06:19.949032+00:00,cudo,A40,2,montreal-canada-4,1.05,on_demand,False,12,48,48,nvlink,A40x2,,,,,,,
2026-03-11T15:06:19.949032+00:00,verda,RTX6000Ada,1,helsinki-finland-1,1.07,on_demand,True,10,60,48,pcie,RTX6000Ada,,,,,,,
2026-03-11T15:06:19.949032+00:00,verda,RTX6000Ada,1,helsinki-finland-5,1.07,on_demand,True,10,60,48,pcie,RTX6000Ada,,,,,,,
2026-03-11T15:06:19.949032+00:00,verda,A6000,1,helsinki-finland-2,1.08,on_demand,False,10,60,48,pcie,A6000,,,,,,,
2026-03-11T15:06:19.949032+00:00,verda,A6000,1,helsinki-finland-1,1.08,on_demand,False,10,60,48,pcie,A6000,,,,,,,
2026-03-11T15:06:19.949032+00:00,crusoe,A40,1,fairview-usa-1,1.1,on_demand,False,6,60,48,pcie,A40,,,,,,,
2026-03-11T15:06:19.949032+00:00,massedcompute,A6000,2,kansascity-usa-5,1.14,on_demand,False,14,96,48,nvlink,A6000x2,,,,,,,
2026-03-11T15:06:19.949032+00:00,massedcompute,A6000,2,desmoines-usa-1,1.14,on_demand,False,14,96,48,nvlink,A6000x2,,,,,,,
2026-03-11T15:06:19.949032+00:00,massedcompute,A6000,2,kansascity-usa-1,1.14,on_demand,True,14,96,48,nvlink,A6000x2,,,,,,,
2026-03-11T15:06:19.949032+00:00,massedcompute,A6000,2,desmoines-usa-1,1.14,on_demand,True,30,128,48,nvlink,A6000_plusx2,,,,,,,
2026-03-11T15:06:19.949032+00:00,massedcompute,A6000,2,kansascity-usa-1,1.14,on_demand,True,30,128,48,nvlink,A6000_plusx2,,,,,,,
2026-03-11T15:06:19.949032+00:00,massedcompute,A6000,2,wichita-usa-1,1.14,on_demand,False,30,128,48,nvlink,A6000_plusx2,,,,,,,
2026-03-11T15:06:19.949032+00:00,massedcompute,A6000,2,desmoines-usa-3,1.14,on_demand,False,14,48,48,nvlink,A6000_basex2,,,,,,,
2026-03-11T15:06:19.949032+00:00,massedcompute,A6000,2,wichita-usa-1,1.14,on_demand,False,14,48,48,nvlink,A6000_basex2,,,,,,,
2026-03-11T15:06:19.949032+00:00,massedcompute,A6000,2,kansascity-usa-1,1.14,on_demand,True,14,48,48,nvlink,A6000_basex2,,,,,,,
2026-03-11T15:06:19.949032+00:00,massedcompute,A6000,2,desmoines-usa-1,1.14,on_demand,True,14,48,48,nvlink,A6000_basex2,,,,,,,
2026-03-11T15:06:19.949032+00:00,massedcompute,A6000,2,kansascity-usa-1,1.16,on_demand,False,14,96,48,nvlink,A6000x2_NVLINK,,,,,,,
2026-03-11T15:06:19.949032+00:00,massedcompute,A6000,2,wichita-usa-1,1.16,on_demand,False,14,96,48,nvlink,A6000x2_NVLINK,,,,,,,
2026-03-11T15:06:19.949032+00:00,cudo,A6000,2,stockholm-sweden-2,1.17,on_demand,False,12,48,48,nvlink,A6000x2,,,,,,,
2026-03-11T15:06:19.949032+00:00,excesssupply,RTX4090,2,oslo-norway-3,1.2,on_demand,False,24,140,24,nvlink,RTX4090x2,,,,,,,
2026-03-11T15:06:19.949032+00:00,hyperstack,A4000,8,oslo-norway-1,1.2,on_demand,False,32,172,16,nvlink,A4000x8,,,,,,,
2026-03-11T15:06:19.949032+00:00,massedcompute,A100_80G,1,wichita-usa-1,1.2,on_demand,False,12,64,80,pcie,A100_80G,,,,,,,
2026-03-11T15:06:19.949032+00:00,massedcompute,A100_80G,1,desmoines-usa-1,1.2,on_demand,False,12,64,80,pcie,A100_80G,,,,,,,
2026-03-11T15:06:19.949032+00:00,massedcompute,A100_80G,1,kansascity-usa-1,1.2,on_demand,False,12,64,80,pcie,A100_80G,,,,,,,
2026-03-11T15:06:19.949032+00:00,massedcompute,A100_80G,1,desmoines-usa-1,1.24,on_demand,True,14,100,80,pcie,A100_sxm4_80G,,,,,,,
2026-03-11T15:06:19.949032+00:00,massedcompute,A100_80G,1,desmoines-usa-3,1.24,on_demand,False,14,100,80,pcie,A100_sxm4_80G,,,,,,,
2026-03-11T15:06:19.949032+00:00,massedcompute,A100_80G,1,desmoines-usa-3,1.24,on_demand,False,16,160,80,pcie,A100_sxm4_80G_DGX,,,,,,,
2026-03-11T15:06:19.949032+00:00,massedcompute,A100_80G,1,kansascity-usa-5,1.24,on_demand,False,16,160,80,pcie,A100_sxm4_80G_DGX,,,,,,,
2026-03-11T15:06:19.949032+00:00,massedcompute,A100_80G,1,desmoines-usa-1,1.24,on_demand,False,16,160,80,pcie,A100_sxm4_80G_DGX,,,,,,,
2026-03-11T15:06:19.949032+00:00,massedcompute,A100_80G,1,kansascity-usa-1,1.24,on_demand,True,16,160,80,pcie,A100_sxm4_80G_DGX,,,,,,,
2026-03-11T15:06:19.949032+00:00,massedcompute,A100_80G,1,beltsville-usa-1,1.24,on_demand,True,16,160,80,pcie,A100_sxm4_80G_DGX,,,,,,,
2026-03-11T15:06:19.949032+00:00,denvr,A100,1,calgary-canada-1,1.25,on_demand,True,14,117,40,pcie,A100_sxm4,,,,,,,
2026-03-11T15:06:19.949032+00:00,imwt,RTXPro6000,1,omaha-usa-1,1.25,on_demand,True,16,144,96,pcie,RTXPro6000,,,,,,,
2026-03-11T15:06:19.949032+00:00,imwt,RTXPro6000,1,beltsville-usa-1,1.25,on_demand,True,16,144,96,pcie,RTXPro6000,,,,,,,
2026-03-11T15:06:19.949032+00:00,lambdalabs,A100,1,chicago-usa-2,1.29,on_demand,False,30,200,40,pcie,A100_sxm4,,,,,,,
2026-03-11T15:06:19.949032+00:00,lambdalabs,A100,1,sanjose-usa-2,1.29,on_demand,False,30,200,40,pcie,A100_sxm4,,,,,,,
2026-03-11T15:06:19.949032+00:00,lambdalabs,A100,1,saltlakecity-usa-1,1.29,on_demand,False,30,200,40,pcie,A100_sxm4,,,,,,,
2026-03-11T15:06:19.949032+00:00,lambdalabs,A100,1,dallas-usa-2,1.29,on_demand,False,30,200,40,pcie,A100_sxm4,,,,,,,
2026-03-11T15:06:19.949032+00:00,lambdalabs,A100,1,osaka-japan-1,1.29,on_demand,False,30,200,40,pcie,A100_sxm4,,,,,,,
2026-03-11T15:06:19.949032+00:00,lambdalabs,A100,1,mumbai-india-1,1.29,on_demand,False,30,200,40,pcie,A100_sxm4,,,,,,,
2026-03-11T15:06:19.949032+00:00,lambdalabs,A100,1,phoenix-usa-2,1.29,on_demand,True,30,200,40,pcie,A100_sxm4,,,,,,,
2026-03-11T15:06:19.949032+00:00,lambdalabs,A100,1,dulles-usa-1,1.29,on_demand,False,30,200,40,pcie,A100_sxm4,,,,,,,
2026-03-11T15:06:19.949032+00:00,lambdalabs,A100,1,mumbai-india-1,1.29,on_demand,False,30,200,40,pcie,A100,,,,,,,
2026-03-11T15:06:19.949032+00:00,lambdalabs,A100,1,chicago-usa-2,1.29,on_demand,False,30,200,40,pcie,A100,,,,,,,
2026-03-11T15:06:19.949032+00:00,lambdalabs,A100,1,phoenix-usa-2,1.29,on_demand,False,30,200,40,pcie,A100,,,,,,,
2026-03-11T15:06:19.949032+00:00,lambdalabs,A100,1,sanjose-usa-2,1.29,on_demand,False,30,200,40,pcie,A100,,,,,,,
2026-03-11T15:06:19.949032+00:00,lambdalabs,A100,1,dulles-usa-1,1.29,on_demand,False,30,200,40,pcie,A100,,,,,,,
2026-03-11T15:06:19.949032+00:00,lambdalabs,A100,1,saltlakecity-usa-1,1.29,on_demand,False,30,200,40,pcie,A100,,,,,,,
2026-03-11T15:06:19.949032+00:00,lambdalabs,A100,1,dallas-usa-2,1.29,on_demand,False,30,200,40,pcie,A100,,,,,,,
2026-03-11T15:06:19.949032+00:00,hyperstack,CPU,0,oslo-norway-1,1.3,on_demand,True,16,16,0,pcie,cpu_large,,,,,,,
2026-03-11T15:06:19.949032+00:00,hyperstack,CPU,0,montreal-canada-2,1.3,on_demand,True,16,16,0,pcie,cpu_large,,,,,,,
2026-03-11T15:06:19.949032+00:00,excesssupply,RTX5090,2,oslo-norway-3,1.3,on_demand,False,24,240,32,nvlink,RTX5090x2,,,,,,,
2026-03-11T15:06:19.949032+00:00,massedcompute,A30,4,desmoines-usa-1,1.32,on_demand,False,50,192,24,nvlink,A30x4,,,,,,,
2026-03-11T15:06:19.949032+00:00,massedcompute,A30,4,wichita-usa-1,1.32,on_demand,False,50,192,24,nvlink,A30x4,,,,,,,
2026-03-11T15:06:19.949032+00:00,hyperstack,A100_80G,1,montreal-canada-2,1.35,on_demand,True,28,120,80,pcie,A100_80G,,,,,,,
2026-03-11T15:06:19.949032+00:00,denvr,A100_80G,1,houston-usa-1,1.35,on_demand,True,24,116,80,pcie,A100_sxm4_80G,,,,,,,
2026-03-11T15:06:19.949032+00:00,verda,A100,1,helsinki-finland-1,1.36,on_demand,False,22,120,40,pcie,A100_sxm4,,,,,,,
2026-03-11T15:06:19.949032+00:00,verda,L40S,1,helsinki-finland-2,1.36,on_demand,False,20,60,48,pcie,L40S,350,0.0455,1.4055,1.917462,,,0.1
2026-03-11T15:06:19.949032+00:00,paperspace,A5000,1,santaclara-usa-1,1.42,on_demand,False,8,45,24,pcie,A5000,,,,,,,
2026-03-11T15:06:19.949032+00:00,paperspace,A5000,1,amsterdam-netherlands-1,1.42,on_demand,False,8,45,24,pcie,A5000,,,,,,,
2026-03-11T15:06:19.949032+00:00,paperspace,A5000,1,newyork-usa-1,1.42,on_demand,True,8,45,24,pcie,A5000,,,,,,,
2026-03-11T15:06:19.949032+00:00,crusoe,A100,1,fairview-usa-1,1.45,on_demand,False,12,120,40,pcie,A100,,,,,,,
2026-03-11T15:06:19.949032+00:00,crusoe,L40S,1,houston-usa-2,1.45,on_demand,False,8,147,48,pcie,L40S,350,0.0378,1.4878,2.029741,,,0.1
2026-03-11T15:06:19.949032+00:00,crusoe,L40S,1,culpeper-usa-1,1.45,on_demand,False,8,147,48,pcie,L40S,350,0.0378,1.4878,2.029741,,,0.1
2026-03-11T15:06:19.949032+00:00,cudo,L40S,1,kristiansand-norway-2,1.48,on_demand,False,12,48,48,pcie,L40S,350,0.0455,1.5255,2.081173,,,0.1
2026-03-11T15:06:19.949032+00:00,cudo,L40S,1,melbourne-australia-1,1.48,on_demand,False,12,48,48,pcie,L40S,350,0.0455,1.5255,2.081173,,,0.1
2026-03-11T15:06:19.949032+00:00,cudo,L40S,1,skarholmen-sweden-1,1.48,on_demand,False,12,48,48,pcie,L40S,350,0.0455,1.5255,2.081173,,,0.1
2026-03-11T15:06:19.949032+00:00,lambdalabs,GH200,1,dulles-usa-3,1.49,on_demand,False,64,432,96,pcie,GH200,,,,,,,
2026-03-11T15:06:19.949032+00:00,hyperstack,A4000,10,oslo-norway-1,1.5,on_demand,False,56,215,16,nvlink,A4000x10,,,,,,,
2026-03-11T15:06:19.949032+00:00,massedcompute,RTX6000Ada,2,kansascity-usa-5,1.54,on_demand,False,26,160,48,nvlink,RTX6000Adax2,,,,,,,
2026-03-11T15:06:19.949032+00:00,massedcompute,RTX6000Ada,2,kansascity-usa-1,1.54,on_demand,True,26,160,48,nvlink,RTX6000Adax2,,,,,,,
2026-03-11T15:06:19.949032+00:00,massedcompute,RTX6000Ada,2,desmoines-usa-3,1.54,on_demand,False,26,160,48,nvlink,RTX6000Adax2,,,,,,,
2026-03-11T15:06:19.949032+00:00,massedcompute,RTX6000Ada,2,desmoines-usa-1,1.54,on_demand,False,26,160,48,nvlink,RTX6000Adax2,,,,,,,
2026-03-11T15:06:19.949032+00:00,digitalocean,L40S,1,toronto-canada-1,1.57,on_demand,False,8,64,48,pcie,L40S,350,0.0455,1.6155,2.203956,,,0.1
2026-03-11T15:06:19.949032+00:00,digitalocean,RTX6000Ada,1,toronto-canada-1,1.57,on_demand,True,8,64,48,pcie,RTX6000Ada,,,,,,,
2026-03-11T15:06:19.949032+00:00,lambdalabs,A6000,2,mumbai-india-1,1.6,on_demand,False,28,200,48,nvlink,A6000x2,,,,,,,
2026-03-11T15:06:19.949032+00:00,lambdalabs,A6000,2,chicago-usa-2,1.6,on_demand,False,28,200,48,nvlink,A6000x2,,,,,,,
2026-03-11T15:06:19.949032+00:00,lambdalabs,A6000,2,phoenix-usa-2,1.6,on_demand,False,28,200,48,nvlink,A6000x2,,,,,,,
2026-03-11T15:06:19.949032+00:00,lambdalabs,A6000,2,sanjose-usa-2,1.6,on_demand,False,28,200,48,nvlink,A6000x2,,,,,,,
2026-03-11T15:06:19.949032+00:00,lambdalabs,A6000,2,dulles-usa-1,1.6,on_demand,False,28,200,48,nvlink,A6000x2,,,,,,,
2026-03-11T15:06:19.949032+00:00,lambdalabs,A6000,2,saltlakecity-usa-1,1.6,on_demand,False,28,200,48,nvlink,A6000x2,,,,,,,
2026-03-11T15:06:19.949032+00:00,lambdalabs,A6000,2,dallas-usa-2,1.6,on_demand,False,28,200,48,nvlink,A6000x2,,,,,,,
2026-03-11T15:06:19.949032+00:00,paperspace,A4000,2,amsterdam-netherlands-1,1.6,on_demand,False,16,90,16,nvlink,A4000x2,,,,,,,
2026-03-11T15:06:19.949032+00:00,paperspace,A4000,2,santaclara-usa-1,1.6,on_demand,False,16,90,16,nvlink,A4000x2,,,,,,,
2026-03-11T15:06:19.949032+00:00,paperspace,A4000,2,newyork-usa-1,1.6,on_demand,True,16,90,16,nvlink,A4000x2,,,,,,,
2026-03-11T15:06:19.949032+00:00,scaleway,L40S,1,paris-france-1,1.61,on_demand,False,8,96,48,pcie,L40S,350,0.0455,1.6555,2.258527,,,0.1
2026-03-11T15:06:19.949032+00:00,scaleway,L40S,1,warsaw-poland-1,1.61,on_demand,True,8,96,48,pcie,L40S,350,0.0455,1.6555,2.258527,,,0.1
2026-03-11T15:06:19.949032+00:00,massedcompute,A5000,4,desmoines-usa-1,1.64,on_demand,False,40,192,24,nvlink,A5000x4,,,,,,,
2026-03-11T15:06:19.949032+00:00,crusoe,A100_80G,1,fairview-usa-1,1.65,on_demand,False,12,120,80,pcie,A100_80G,,,,,,,
2026-03-11T15:06:19.949032+00:00,crusoe,A100_80G,1,culpeper-usa-1,1.65,on_demand,False,12,120,80,pcie,A100_80G,,,,,,,
2026-03-11T15:06:19.949032+00:00,crusoe,A100_80G,1,us-west1-a,1.65,on_demand,False,12,120,80,pcie,A100_80G,,,,,,,
2026-03-11T15:06:19.949032+00:00,latitude,H100,1,dallas-usa-1,1.66,on_demand,False,16,128,80,pcie,H100_vm,,,,,,,
2026-03-11T15:06:19.949032+00:00,latitude,H100,1,ashburn-usa-7,1.66,on_demand,False,16,128,80,pcie,H100_vm,,,,,,,
2026-03-11T15:06:19.949032+00:00,scaleway,L4,2,paris-france-5,1.72,on_demand,True,16,96,24,nvlink,L4x2,,,,,,,
2026-03-11T15:06:19.949032+00:00,scaleway,L4,2,paris-france-1,1.72,on_demand,True,16,96,24,nvlink,L4x2,,,,,,,
2026-03-11T15:06:19.949032+00:00,scaleway,L4,2,warsaw-poland-1,1.72,on_demand,True,16,96,24,nvlink,L4x2,,,,,,,
2026-03-11T15:06:19.949032+00:00,massedcompute,L40S,2,kansascity-usa-1,1.72,on_demand,False,44,256,48,nvlink,L40Sx2,700,0.091,1.811,1.235334,,,0.1
2026-03-11T15:06:19.949032+00:00,massedcompute,L40S,2,kansascity-usa-5,1.72,on_demand,False,44,256,48,nvlink,L40Sx2,700,0.091,1.811,1.235334,,,0.1
2026-03-11T15:06:19.949032+00:00,massedcompute,L40S,2,desmoines-usa-3,1.72,on_demand,False,44,256,48,nvlink,L40Sx2,700,0.091,1.811,1.235334,,,0.1
2026-03-11T15:06:19.949032+00:00,massedcompute,L40S,2,desmoines-usa-1,1.72,on_demand,False,44,256,48,nvlink,L40Sx2,700,0.091,1.811,1.235334,,,0.1
2026-03-11T15:06:19.949032+00:00,massedcompute,RTXPro6000,1,kansascity-usa-6,1.79,on_demand,True,16,192,96,pcie,RTXPro6000,,,,,,,
2026-03-11T15:06:19.949032+00:00,massedcompute,RTXPro6000,1,beltsville-usa-1,1.79,on_demand,True,16,192,96,pcie,RTXPro6000,,,,,,,
2026-03-11T15:06:19.949032+00:00,massedcompute,RTXPro6000,1,desmoines-usa-1,1.79,on_demand,False,16,192,96,pcie,RTXPro6000,,,,,,,
2026-03-11T15:06:19.949032+00:00,cudo,A40,4,stockholm-sweden-2,1.8,on_demand,False,24,96,48,nvlink,A40x4,,,,,,,
2026-03-11T15:06:19.949032+00:00,cudo,A40,4,montreal-canada-4,1.8,on_demand,False,24,96,48,nvlink,A40x4,,,,,,,
2026-03-11T15:06:19.949032+00:00,hyperstack,RTXPro6000,1,montreal-canada-2,1.8,on_demand,False,28,225,96,pcie,RTXPro6000,,,,,,,
2026-03-11T15:06:19.949032+00:00,verda,A100_80G,1,helsinki-finland-5,1.82,on_demand,False,22,120,80,pcie,A100_sxm4_80G,,,,,,,
2026-03-11T15:06:19.949032+00:00,verda,A100_80G,1,helsinki-finland-1,1.82,on_demand,False,22,120,80,pcie,A100_sxm4_80G,,,,,,,
2026-03-11T15:06:19.949032+00:00,cudo,A100_80G,1,kristiansand-norway-2,1.83,on_demand,False,12,48,80,pcie,A100_80G,,,,,,,
2026-03-11T15:06:19.949032+00:00,vultr,A40,1,frankfurt-germany-6,1.86,on_demand,False,24,120,48,pcie,A40,,,,,,,
2026-03-11T15:06:19.949032+00:00,vultr,A40,1,tokyo-japan-2,1.86,on_demand,False,24,120,48,pcie,A40,,,,,,,
2026-03-11T15:06:19.949032+00:00,vultr,A40,1,sanjose-usa-1,1.86,on_demand,False,24,120,48,pcie,A40,,,,,,,
2026-03-11T15:06:19.949032+00:00,vultr,A40,1,sydney-australia-1,1.86,on_demand,False,24,120,48,pcie,A40,,,,,,,
2026-03-11T15:06:19.949032+00:00,vultr,A40,1,losangeles-usa-1,1.86,on_demand,False,24,120,48,pcie,A40,,,,,,,
2026-03-11T15:06:19.949032+00:00,vultr,A40,1,bangalore-india-1,1.86,on_demand,False,24,120,48,pcie,A40,,,,,,,
2026-03-11T15:06:19.949032+00:00,vultr,A40,1,london-uk-1,1.86,on_demand,False,24,120,48,pcie,A40,,,,,,,
2026-03-11T15:06:19.949032+00:00,vultr,A40,1,singapore-singapore-1,1.86,on_demand,False,24,120,48,pcie,A40,,,,,,,
2026-03-11T15:06:19.949032+00:00,vultr,A40,1,newark-usa-1,1.86,on_demand,False,24,120,48,pcie,A40,,,,,,,
2026-03-11T15:06:19.949032+00:00,cudo,A4000,4,smedjebacken-sweden-1,1.87,on_demand,False,24,96,16,nvlink,A4000x4,,,,,,,
2026-03-11T15:06:19.949032+00:00,hyperstack,H100,1,montreal-canada-2,1.9,on_demand,True,28,180,80,pcie,H100,,,,,,,
2026-03-11T15:06:19.949032+00:00,latitude,RTXPro6000,1,ashburn-usa-7,1.9,on_demand,False,16,128,96,pcie,RTXPro6000_vm,,,,,,,
2026-03-11T15:06:19.949032+00:00,paperspace,A6000,1,santaclara-usa-1,1.93,on_demand,False,8,45,48,pcie,A6000,,,,,,,
2026-03-11T15:06:19.949032+00:00,paperspace,A6000,1,amsterdam-netherlands-1,1.93,on_demand,False,8,45,48,pcie,A6000,,,,,,,
2026-03-11T15:06:19.949032+00:00,paperspace,A6000,1,newyork-usa-1,1.93,on_demand,True,8,45,48,pcie,A6000,,,,,,,
2026-03-11T15:06:19.949032+00:00,cudo,A5000,4,montreal-canada-4,1.94,on_demand,False,24,96,24,nvlink,A5000x4,,,,,,,
2026-03-11T15:06:19.949032+00:00,imwt,A6000,4,kansascity-usa-6,1.96,on_demand,False,30,192,48,nvlink,A6000x4,,,,,,,
2026-03-11T15:06:19.949032+00:00,imwt,A6000,4,kansascity-usa-2,1.96,on_demand,False,30,192,48,nvlink,A6000x4,,,,,,,
2026-03-11T15:06:19.949032+00:00,imwt,A6000,4,desmoines-usa-2,1.96,on_demand,False,30,192,48,nvlink,A6000x4,,,,,,,
2026-03-11T15:06:19.949032+00:00,massedcompute,L40,2,desmoines-usa-1,1.98,on_demand,True,50,384,48,nvlink,L40x2,,,,,,,
2026-03-11T15:06:19.949032+00:00,latitude,H100,1,dallas-usa-1,1.99,on_demand,True,16,192,80,pcie,H100,,,,,,,
2026-03-11T15:06:19.949032+00:00,voltagepark,H100,1,dallas-usa-5,1.99,on_demand,False,26,116,80,pcie,H100_sxm5,,,,,,,
2026-03-11T15:06:19.949032+00:00,hyperstack,A6000,4,montreal-canada-2,2.0,on_demand,True,124,232,48,nvlink,A6000x4,,,,,,,
2026-03-11T15:06:19.949032+00:00,hyperstack,A6000,4,oslo-norway-1,2.0,on_demand,False,124,232,48,nvlink,A6000x4,,,,,,,
2026-03-11T15:06:19.949032+00:00,hyperstack,L40,2,montreal-canada-2,2.0,on_demand,True,60,116,48,nvlink,L40x2,,,,,,,
2026-03-11T15:06:19.949032+00:00,vultr,A16,4,singapore-singapore-1,2.05,on_demand,True,24,256,16,nvlink,A16x4,,,,,,,
2026-03-11T15:06:19.949032+00:00,vultr,A16,4,london-uk-1,2.05,on_demand,False,24,256,16,nvlink,A16x4,,,,,,,
2026-03-11T15:06:19.949032+00:00,vultr,A16,4,bangalore-india-1,2.05,on_demand,True,24,256,16,nvlink,A16x4,,,,,,,
2026-03-11T15:06:19.949032+00:00,vultr,A16,4,sanjose-usa-1,2.05,on_demand,True,24,256,16,nvlink,A16x4,,,,,,,
2026-03-11T15:06:19.949032+00:00,vultr,A16,4,tokyo-japan-2,2.05,on_demand,True,24,256,16,nvlink,A16x4,,,,,,,
2026-03-11T15:06:19.949032+00:00,vultr,A16,4,frankfurt-germany-6,2.05,on_demand,True,24,256,16,nvlink,A16x4,,,,,,,
2026-03-11T15:06:19.949032+00:00,vultr,A16,4,chicago-usa-1,2.05,on_demand,True,24,256,16,nvlink,A16x4,,,,,,,
2026-03-11T15:06:19.949032+00:00,vultr,A16,4,atl,2.05,on_demand,True,24,256,16,nvlink,A16x4,,,,,,,
2026-03-11T15:06:19.949032+00:00,vultr,A16,4,newark-usa-1,2.05,on_demand,True,24,256,16,nvlink,A16x4,,,,,,,
2026-03-11T15:06:19.949032+00:00,verda,RTX6000Ada,2,helsinki-finland-5,2.14,on_demand,True,20,120,48,nvlink,RTX6000Adax2,,,,,,,
2026-03-11T15:06:19.949032+00:00,verda,A6000,2,helsinki-finland-1,2.16,on_demand,False,20,120,48,nvlink,A6000x2,,,,,,,
2026-03-11T15:06:19.949032+00:00,crusoe,A40,2,fairview-usa-1,2.2,on_demand,False,12,120,48,nvlink,A40x2,,,,,,,
2026-03-11T15:06:19.949032+00:00,verda,H100,1,helsinki-finland-5,2.26,on_demand,False,30,120,80,pcie,H100_sxm5,,,,,,,
2026-03-11T15:06:19.949032+00:00,verda,H100,1,helsinki-finland-2,2.26,on_demand,False,30,120,80,pcie,H100_sxm5,,,,,,,
2026-03-11T15:06:19.949032+00:00,verda,H100,1,helsinki-finland-1,2.26,on_demand,False,30,120,80,pcie,H100_sxm5,,,,,,,
2026-03-11T15:06:19.949032+00:00,massedcompute,A6000,4,kansascity-usa-5,2.28,on_demand,False,30,192,48,nvlink,A6000x4,,,,,,,
2026-03-11T15:06:19.949032+00:00,massedcompute,A6000,4,kansascity-usa-1,2.28,on_demand,False,30,192,48,nvlink,A6000x4,,,,,,,
2026-03-11T15:06:19.949032+00:00,massedcompute,A6000,4,desmoines-usa-1,2.28,on_demand,False,30,192,48,nvlink,A6000x4,,,,,,,
2026-03-11T15:06:19.949032+00:00,massedcompute,A6000,4,wichita-usa-1,2.28,on_demand,False,54,256,48,nvlink,A6000_plusx4,,,,,,,
2026-03-11T15:06:19.949032+00:00,massedcompute,A6000,4,desmoines-usa-1,2.28,on_demand,True,54,256,48,nvlink,A6000_plusx4,,,,,,,
2026-03-11T15:06:19.949032+00:00,massedcompute,A6000,4,kansascity-usa-1,2.28,on_demand,True,54,256,48,nvlink,A6000_plusx4,,,,,,,
2026-03-11T15:06:19.949032+00:00,massedcompute,A6000,4,wichita-usa-1,2.28,on_demand,False,30,96,48,nvlink,A6000_basex4,,,,,,,
2026-03-11T15:06:19.949032+00:00,massedcompute,A6000,4,desmoines-usa-3,2.28,on_demand,False,30,96,48,nvlink,A6000_basex4,,,,,,,
2026-03-11T15:06:19.949032+00:00,massedcompute,A6000,4,desmoines-usa-1,2.28,on_demand,True,30,96,48,nvlink,A6000_basex4,,,,,,,
2026-03-11T15:06:19.949032+00:00,massedcompute,A6000,4,kansascity-usa-1,2.28,on_demand,True,30,96,48,nvlink,A6000_basex4,,,,,,,
2026-03-11T15:06:19.949032+00:00,massedcompute,A6000,4,kansascity-usa-1,2.32,on_demand,False,30,192,48,nvlink,A6000x4_NVLINK,,,,,,,
2026-03-11T15:06:19.949032+00:00,massedcompute,A6000,4,wichita-usa-1,2.32,on_demand,False,30,192,48,nvlink,A6000x4_NVLINK,,,,,,,
2026-03-11T15:06:19.949032+00:00,cudo,A6000,4,stockholm-sweden-2,2.34,on_demand,False,24,96,48,nvlink,A6000x4,,,,,,,
2026-03-11T15:06:19.949032+00:00,paperspace,V100_32G,1,amsterdam-netherlands-1,2.34,on_demand,False,8,30,32,pcie,V100_32G,,,,,,,
2026-03-11T15:06:19.949032+00:00,paperspace,V100_32G,1,santaclara-usa-1,2.34,on_demand,False,8,30,32,pcie,V100_32G,,,,,,,
2026-03-11T15:06:19.949032+00:00,paperspace,V100_32G,1,newyork-usa-1,2.34,on_demand,True,8,30,32,pcie,V100_32G,,,,,,,
2026-03-11T15:06:19.949032+00:00,paperspace,V100,1,amsterdam-netherlands-1,2.34,on_demand,False,8,30,16,pcie,V100,,,,,,,
2026-03-11T15:06:19.949032+00:00,paperspace,V100,1,newyork-usa-1,2.34,on_demand,True,8,30,16,pcie,V100,,,,,,,
2026-03-11T15:06:19.949032+00:00,paperspace,V100,1,santaclara-usa-1,2.34,on_demand,False,8,30,16,pcie,V100,,,,,,,
2026-03-11T15:06:19.949032+00:00,excesssupply,RTX4090,4,oslo-norway-3,2.4,on_demand,False,60,352,24,nvlink,RTX4090x4,,,,,,,
2026-03-11T15:06:19.949032+00:00,massedcompute,A100_80G,2,desmoines-usa-1,2.4,on_demand,True,30,128,80,nvlink,A100_80Gx2,,,,,,,
2026-03-11T15:06:19.949032+00:00,massedcompute,A100_80G,2,wichita-usa-1,2.4,on_demand,False,30,128,80,nvlink,A100_80Gx2,,,,,,,
2026-03-11T15:06:19.949032+00:00,massedcompute,A100_80G,2,desmoines-usa-3,2.4,on_demand,False,30,128,80,nvlink,A100_80Gx2,,,,,,,
2026-03-11T15:06:19.949032+00:00,massedcompute,A100_80G,2,kansascity-usa-1,2.4,on_demand,False,30,128,80,nvlink,A100_80Gx2,,,,,,,
2026-03-11T15:06:19.949032+00:00,excesssupply,H200,1,paris-france-3,2.45,on_demand,False,16,200,141,pcie,H200_sxm5,,,,,,,
2026-03-11T15:06:19.949032+00:00,excesssupply,H200,1,helsinki-finland-4,2.45,on_demand,False,16,200,141,pcie,H200_sxm5,,,,,,,
2026-03-11T15:06:19.949032+00:00,excesssupply,H200,1,kansascity-usa-4,2.45,on_demand,False,16,200,141,pcie,H200_sxm5,,,,,,,
2026-03-11T15:06:19.949032+00:00,imwt,H100,1,desmoines-usa-4,2.48,on_demand,False,20,128,80,pcie,H100,,,,,,,
2026-03-11T15:06:19.949032+00:00,imwt,H100,1,desmoines-usa-2,2.48,on_demand,False,20,128,80,pcie,H100,,,,,,,
2026-03-11T15:06:19.949032+00:00,lambdalabs,H100,1,mumbai-india-1,2.49,on_demand,False,26,200,80,pcie,H100,,,,,,,
2026-03-11T15:06:19.949032+00:00,lambdalabs,H100,1,chicago-usa-2,2.49,on_demand,False,26,200,80,pcie,H100,,,,,,,
2026-03-11T15:06:19.949032+00:00,lambdalabs,H100,1,phoenix-usa-2,2.49,on_demand,False,26,200,80,pcie,H100,,,,,,,
2026-03-11T15:06:19.949032+00:00,lambdalabs,H100,1,sanjose-usa-2,2.49,on_demand,False,26,200,80,pcie,H100,,,,,,,
2026-03-11T15:06:19.949032+00:00,lambdalabs,H100,1,dulles-usa-1,2.49,on_demand,False,26,200,80,pcie,H100,,,,,,,
2026-03-11T15:06:19.949032+00:00,lambdalabs,H100,1,dallas-usa-2,2.49,on_demand,False,26,200,80,pcie,H100,,,,,,,
2026-03-11T15:06:19.949032+00:00,lambdalabs,H100,1,saltlakecity-usa-1,2.49,on_demand,False,26,200,80,pcie,H100,,,,,,,
2026-03-11T15:06:19.949032+00:00,imwt,RTXPro6000,2,beltsville-usa-1,2.5,on_demand,False,30,288,96,nvlink,RTXPro6000x2,,,,,,,
2026-03-11T15:06:19.949032+00:00,imwt,RTXPro6000,2,omaha-usa-1,2.5,on_demand,True,30,288,96,nvlink,RTXPro6000x2,,,,,,,
2026-03-11T15:06:19.949032+00:00,lambdalabs,A100,2,mumbai-india-1,2.58,on_demand,False,60,400,40,nvlink,A100x2,,,,,,,
2026-03-11T15:06:19.949032+00:00,lambdalabs,A100,2,chicago-usa-2,2.58,on_demand,False,60,400,40,nvlink,A100x2,,,,,,,
2026-03-11T15:06:19.949032+00:00,lambdalabs,A100,2,phoenix-usa-2,2.58,on_demand,False,60,400,40,nvlink,A100x2,,,,,,,
2026-03-11T15:06:19.949032+00:00,lambdalabs,A100,2,sanjose-usa-2,2.58,on_demand,False,60,400,40,nvlink,A100x2,,,,,,,
2026-03-11T15:06:19.949032+00:00,lambdalabs,A100,2,dulles-usa-1,2.58,on_demand,False,60,400,40,nvlink,A100x2,,,,,,,
2026-03-11T15:06:19.949032+00:00,lambdalabs,A100,2,saltlakecity-usa-1,2.58,on_demand,False,60,400,40,nvlink,A100x2,,,,,,,
2026-03-11T15:06:19.949032+00:00,lambdalabs,A100,2,dallas-usa-2,2.58,on_demand,False,60,400,40,nvlink,A100x2,,,,,,,
2026-03-11T15:06:19.949032+00:00,vultr,A100_80G,1,london-uk-1,2.6,on_demand,False,12,120,80,pcie,A100_80G,,,,,,,
2026-03-11T15:06:19.949032+00:00,vultr,A100_80G,1,sanjose-usa-1,2.6,on_demand,False,12,120,80,pcie,A100_80G,,,,,,,
2026-03-11T15:06:19.949032+00:00,vultr,A100_80G,1,newark-usa-1,2.6,on_demand,False,12,120,80,pcie,A100_80G,,,,,,,
2026-03-11T15:06:19.949032+00:00,vultr,A100_80G,1,bangalore-india-1,2.6,on_demand,False,12,120,80,pcie,A100_80G,,,,,,,
2026-03-11T15:06:19.949032+00:00,vultr,A100_80G,1,tokyo-japan-2,2.6,on_demand,False,12,120,80,pcie,A100_80G,,,,,,,
2026-03-11T15:06:19.949032+00:00,vultr,A100_80G,1,frankfurt-germany-6,2.6,on_demand,False,12,120,80,pcie,A100_80G,,,,,,,
2026-03-11T15:06:19.949032+00:00,excesssupply,RTX5090,4,oslo-norway-3,2.6,on_demand,False,60,480,32,nvlink,RTX5090x4,,,,,,,
2026-03-11T15:06:19.949032+00:00,massedcompute,A30,8,desmoines-usa-1,2.64,on_demand,False,94,384,24,nvlink,A30x8,,,,,,,
2026-03-11T15:06:19.949032+00:00,massedcompute,A30,8,wichita-usa-1,2.64,on_demand,False,94,384,24,nvlink,A30x8,,,,,,,
2026-03-11T15:06:19.949032+00:00,cudo,H100,1,kristiansand-norway-2,2.65,on_demand,False,12,59,80,pcie,H100,,,,,,,
2026-03-11T15:06:19.949032+00:00,cudo,H100,1,montreal-canada-4,2.65,on_demand,False,12,59,80,pcie,H100,,,,,,,
2026-03-11T15:06:19.949032+00:00,hyperstack,A100_80G,2,montreal-canada-2,2.7,on_demand,True,60,240,80,nvlink,A100_80Gx2,,,,,,,
2026-03-11T15:06:19.949032+00:00,paperspace,A5000,2,santaclara-usa-1,2.84,on_demand,False,16,90,24,nvlink,A5000x2,,,,,,,
2026-03-11T15:06:19.949032+00:00,paperspace,A5000,2,amsterdam-netherlands-1,2.84,on_demand,False,16,90,24,nvlink,A5000x2,,,,,,,
2026-03-11T15:06:19.949032+00:00,paperspace,A5000,2,newyork-usa-1,2.84,on_demand,True,16,90,24,nvlink,A5000x2,,,,,,,
2026-03-11T15:06:19.949032+00:00,crusoe,A100,2,fairview-usa-1,2.9,on_demand,False,24,240,40,nvlink,A100x2,,,,,,,
2026-03-11T15:06:19.949032+00:00,crusoe,L40S,2,houston-usa-2,2.9,on_demand,False,16,294,48,nvlink,L40Sx2,700,0.0756,2.9756,2.029741,,,0.1
2026-03-11T15:06:19.949032+00:00,crusoe,L40S,2,culpeper-usa-1,2.9,on_demand,False,16,294,48,nvlink,L40Sx2,700,0.0756,2.9756,2.029741,,,0.1
2026-03-11T15:06:19.949032+00:00,cudo,L40S,2,kristiansand-norway-2,2.96,on_demand,False,24,96,48,nvlink,L40Sx2,700,0.091,3.051,2.081173,,,0.1
2026-03-11T15:06:19.949032+00:00,cudo,L40S,2,melbourne-australia-1,2.96,on_demand,False,24,96,48,nvlink,L40Sx2,700,0.091,3.051,2.081173,,,0.1
2026-03-11T15:06:19.949032+00:00,cudo,L40S,2,skarholmen-sweden-1,2.96,on_demand,False,24,96,48,nvlink,L40Sx2,700,0.091,3.051,2.081173,,,0.1
2026-03-11T15:06:19.949032+00:00,massedcompute,H100,1,desmoines-usa-3,2.98,on_demand,False,20,128,80,pcie,H100,,,,,,,
2026-03-11T15:06:19.949032+00:00,massedcompute,H100,1,kansascity-usa-1,2.98,on_demand,False,20,128,80,pcie,H100,,,,,,,
2026-03-11T15:06:19.949032+00:00,massedcompute,H100,1,desmoines-usa-1,2.98,on_demand,False,20,128,80,pcie,H100,,,,,,,
2026-03-11T15:06:19.949032+00:00,nebius,H100,1,helsinki-finland-3,3.06,on_demand,False,16,200,80,pcie,H100_sxm5,,,,,,,
2026-03-11T15:06:19.949032+00:00,scaleway,H100,1,paris-france-1,3.08,on_demand,True,24,240,80,pcie,H100,,,,,,,
2026-03-11T15:06:19.949032+00:00,scaleway,H100,1,warsaw-poland-1,3.08,on_demand,True,24,240,80,pcie,H100,,,,,,,
2026-03-11T15:06:19.949032+00:00,massedcompute,RTX6000Ada,4,desmoines-usa-3,3.08,on_demand,False,52,320,48,nvlink,RTX6000Adax4,,,,,,,
2026-03-11T15:06:19.949032+00:00,massedcompute,RTX6000Ada,4,desmoines-usa-1,3.08,on_demand,False,52,320,48,nvlink,RTX6000Adax4,,,,,,,
2026-03-11T15:06:19.949032+00:00,massedcompute,RTX6000Ada,4,kansascity-usa-5,3.08,on_demand,False,52,320,48,nvlink,RTX6000Adax4,,,,,,,
2026-03-11T15:06:19.949032+00:00,massedcompute,RTX6000Ada,4,kansascity-usa-1,3.08,on_demand,False,52,320,48,nvlink,RTX6000Adax4,,,,,,,
2026-03-11T15:06:19.949032+00:00,verda,V100,8,helsinki-finland-2,3.12,on_demand,False,48,180,16,nvlink,V100x8,,,,,,,
2026-03-11T15:06:19.949032+00:00,scaleway,L40S,2,paris-france-1,3.15,on_demand,False,16,192,48,nvlink,L40Sx2,700,0.091,3.241,2.210778,,,0.1
2026-03-11T15:06:19.949032+00:00,scaleway,L40S,2,warsaw-poland-1,3.15,on_demand,True,16,192,48,nvlink,L40Sx2,700,0.091,3.241,2.210778,,,0.1
2026-03-11T15:06:19.949032+00:00,paperspace,A100,1,amsterdam-netherlands-1,3.19,on_demand,False,8,90,40,pcie,A100,,,,,,,
2026-03-11T15:06:19.949032+00:00,paperspace,A100,1,santaclara-usa-1,3.19,on_demand,False,8,90,40,pcie,A100,,,,,,,
2026-03-11T15:06:19.949032+00:00,paperspace,A100,1,newyork-usa-1,3.19,on_demand,True,8,90,40,pcie,A100,,,,,,,
2026-03-11T15:06:19.949032+00:00,lambdalabs,A6000,4,mumbai-india-1,3.2,on_demand,False,56,400,48,nvlink,A6000x4,,,,,,,
2026-03-11T15:06:19.949032+00:00,lambdalabs,A6000,4,chicago-usa-2,3.2,on_demand,False,56,400,48,nvlink,A6000x4,,,,,,,
2026-03-11T15:06:19.949032+00:00,lambdalabs,A6000,4,phoenix-usa-2,3.2,on_demand,False,56,400,48,nvlink,A6000x4,,,,,,,
2026-03-11T15:06:19.949032+00:00,lambdalabs,A6000,4,sanjose-usa-2,3.2,on_demand,False,56,400,48,nvlink,A6000x4,,,,,,,
2026-03-11T15:06:19.949032+00:00,lambdalabs,A6000,4,dulles-usa-1,3.2,on_demand,False,56,400,48,nvlink,A6000x4,,,,,,,
2026-03-11T15:06:19.949032+00:00,lambdalabs,A6000,4,saltlakecity-usa-1,3.2,on_demand,False,56,400,48,nvlink,A6000x4,,,,,,,
2026-03-11T15:06:19.949032+00:00,lambdalabs,A6000,4,dallas-usa-2,3.2,on_demand,False,56,400,48,nvlink,A6000x4,,,,,,,
2026-03-11T15:06:19.949032+00:00,evergreen,RTX4090,8,casper-usa-1,3.2,on_demand,False,48,256,24,nvlink,RTX4090x8,,,,,,,
2026-03-11T15:06:19.949032+00:00,paperspace,A4000,4,amsterdam-netherlands-1,3.2,on_demand,False,32,180,16,nvlink,A4000x4,,,,,,,
2026-03-11T15:06:19.949032+00:00,paperspace,A4000,4,santaclara-usa-1,3.2,on_demand,False,32,180,16,nvlink,A4000x4,,,,,,,
2026-03-11T15:06:19.949032+00:00,paperspace,A4000,4,newyork-usa-1,3.2,on_demand,True,32,180,16,nvlink,A4000x4,,,,,,,
2026-03-11T15:06:19.949032+00:00,excesssupply,H200,1,paris-france-3,3.25,on_demand,False,16,200,141,pcie,H200_sxm5_eu,,,,,,,
2026-03-11T15:06:19.949032+00:00,excesssupply,H200,1,kansascity-usa-4,3.25,on_demand,False,16,200,141,pcie,H200_sxm5_eu,,,,,,,
2026-03-11T15:06:19.949032+00:00,excesssupply,H200,1,helsinki-finland-4,3.25,on_demand,False,16,200,141,pcie,H200_sxm5_eu,,,,,,,
2026-03-11T15:06:19.949032+00:00,paperspace,A100_80G,1,amsterdam-netherlands-1,3.28,on_demand,False,8,90,80,pcie,A100_sxm4_80G,,,,,,,
2026-03-11T15:06:19.949032+00:00,paperspace,A100_80G,1,santaclara-usa-1,3.28,on_demand,False,8,90,80,pcie,A100_sxm4_80G,,,,,,,
2026-03-11T15:06:19.949032+00:00,paperspace,A100_80G,1,newyork-usa-1,3.28,on_demand,True,8,90,80,pcie,A100_sxm4_80G,,,,,,,
2026-03-11T15:06:19.949032+00:00,massedcompute,A5000,8,desmoines-usa-1,3.28,on_demand,False,62,384,24,nvlink,A5000x8,,,,,,,
2026-03-11T15:06:19.949032+00:00,lambdalabs,H100,1,dallas-usa-3,3.29,on_demand,False,26,225,80,pcie,H100_sxm5,,,,,,,
2026-03-11T15:06:19.949032+00:00,lambdalabs,H100,1,us-midwest-3,3.29,on_demand,False,26,225,80,pcie,H100_sxm5,,,,,,,
2026-03-11T15:06:19.949032+00:00,lambdalabs,H100,1,austin-usa-1,3.29,on_demand,False,26,225,80,pcie,H100_sxm5,,,,,,,
2026-03-11T15:06:19.949032+00:00,crusoe,A100_80G,2,fairview-usa-1,3.3,on_demand,False,24,240,80,nvlink,A100_80Gx2,,,,,,,
2026-03-11T15:06:19.949032+00:00,crusoe,A100_80G,2,us-west1-a,3.3,on_demand,False,24,240,80,nvlink,A100_80Gx2,,,,,,,
2026-03-11T15:06:19.949032+00:00,crusoe,A100_80G,2,culpeper-usa-1,3.3,on_demand,False,24,240,80,nvlink,A100_80Gx2,,,,,,,
2026-03-11T15:06:19.949032+00:00,digitalocean,H100,1,newyork-usa-2,3.34,on_demand,False,20,240,80,pcie,H100_sxm5,,,,,,,
2026-03-11T15:06:19.949032+00:00,digitalocean,H100,1,toronto-canada-1,3.34,on_demand,False,20,240,80,pcie,H100_sxm5,,,,,,,
2026-03-11T15:06:19.949032+00:00,digitalocean,H100,1,amsterdam-netherlands-2,3.34,on_demand,False,20,240,80,pcie,H100_sxm5,,,,,,,
2026-03-11T15:06:19.949032+00:00,scaleway,L4,4,paris-france-5,3.37,on_demand,True,32,192,24,nvlink,L4x4,,,,,,,
2026-03-11T15:06:19.949032+00:00,scaleway,L4,4,paris-france-1,3.37,on_demand,True,32,192,24,nvlink,L4x4,,,,,,,
2026-03-11T15:06:19.949032+00:00,scaleway,L4,4,warsaw-poland-1,3.37,on_demand,True,32,192,24,nvlink,L4x4,,,,,,,
2026-03-11T15:06:19.949032+00:00,massedcompute,L40S,4,kansascity-usa-5,3.44,on_demand,False,88,512,48,nvlink,L40Sx4,1400,0.182,3.622,1.235334,,,0.1
2026-03-11T15:06:19.949032+00:00,massedcompute,L40S,4,kansascity-usa-1,3.44,on_demand,False,88,512,48,nvlink,L40Sx4,1400,0.182,3.622,1.235334,,,0.1
2026-03-11T15:06:19.949032+00:00,massedcompute,L40S,4,desmoines-usa-3,3.44,on_demand,False,88,512,48,nvlink,L40Sx4,1400,0.182,3.622,1.235334,,,0.1
2026-03-11T15:06:19.949032+00:00,massedcompute,L40S,4,desmoines-usa-1,3.44,on_demand,False,88,512,48,nvlink,L40Sx4,1400,0.182,3.622,1.235334,,,0.1
2026-03-11T15:06:19.949032+00:00,digitalocean,H200,1,newyork-usa-2,3.44,on_demand,True,24,240,141,pcie,H200_sxm5,,,,,,,
2026-03-11T15:06:19.949032+00:00,digitalocean,H200,1,atlanta-usa-1,3.44,on_demand,False,24,240,141,pcie,H200_sxm5,,,,,,,
2026-03-11T15:06:19.949032+00:00,cudo,A40,10,stockholm-sweden-2,3.5,on_demand,False,48,512,48,nvlink,A40x10_bm,,,,,,,
2026-03-11T15:06:19.949032+00:00,massedcompute,RTXPro6000,2,kansascity-usa-6,3.58,on_demand,True,30,382,96,nvlink,RTXPro6000x2,,,,,,,
2026-03-11T15:06:19.949032+00:00,massedcompute,RTXPro6000,2,desmoines-usa-1,3.58,on_demand,False,30,382,96,nvlink,RTXPro6000x2,,,,,,,
2026-03-11T15:06:19.949032+00:00,massedcompute,RTXPro6000,2,beltsville-usa-1,3.58,on_demand,False,30,382,96,nvlink,RTXPro6000x2,,,,,,,
2026-03-11T15:06:19.949032+00:00,cudo,A40,8,montreal-canada-4,3.6,on_demand,False,48,192,48,nvlink,A40x8,,,,,,,
2026-03-11T15:06:19.949032+00:00,cudo,A40,8,stockholm-sweden-2,3.6,on_demand,False,48,192,48,nvlink,A40x8,,,,,,,
2026-03-11T15:06:19.949032+00:00,hyperstack,RTXPro6000,2,montreal-canada-2,3.6,on_demand,False,56,450,96,nvlink,RTXPro6000x2,,,,,,,
2026-03-11T15:06:19.949032+00:00,cudo,A5000,8,montreal-canada-4,3.62,on_demand,False,48,192,24,nvlink,A5000x8,,,,,,,
2026-03-11T15:06:19.949032+00:00,verda,A100_80G,2,helsinki-finland-2,3.64,on_demand,False,44,240,80,nvlink,A100_sxm4_80Gx2,,,,,,,
2026-03-11T15:06:19.949032+00:00,verda,A100_80G,2,helsinki-finland-1,3.64,on_demand,False,44,240,80,nvlink,A100_sxm4_80Gx2,,,,,,,
2026-03-11T15:06:19.949032+00:00,nebius,H200,1,paris-france-2,3.65,on_demand,False,16,200,141,pcie,H200_sxm5,,,,,,,
2026-03-11T15:06:19.949032+00:00,nebius,H200,1,helsinki-finland-3,3.65,on_demand,False,16,200,141,pcie,H200_sxm5,,,,,,,
2026-03-11T15:06:19.949032+00:00,nebius,H200,1,kansascity-usa-3,3.65,on_demand,False,16,200,141,pcie,H200_sxm5,,,,,,,
2026-03-11T15:06:19.949032+00:00,cudo,A100_80G,2,kristiansand-norway-2,3.66,on_demand,False,24,96,80,nvlink,A100_80Gx2,,,,,,,
2026-03-11T15:06:19.949032+00:00,cudo,A4000,8,smedjebacken-sweden-1,3.73,on_demand,False,48,192,16,nvlink,A4000x8,,,,,,,
2026-03-11T15:06:19.949032+00:00,hyperstack,H100,2,montreal-canada-2,3.8,on_demand,True,60,360,80,nvlink,H100x2,,,,,,,
2026-03-11T15:06:19.949032+00:00,paperspace,A6000,2,santaclara-usa-1,3.86,on_demand,False,16,90,48,nvlink,A6000x2,,,,,,,
2026-03-11T15:06:19.949032+00:00,paperspace,A6000,2,amsterdam-netherlands-1,3.86,on_demand,False,16,90,48,nvlink,A6000x2,,,,,,,
2026-03-11T15:06:19.949032+00:00,paperspace,A6000,2,newyork-usa-1,3.86,on_demand,True,16,90,48,nvlink,A6000x2,,,,,,,
2026-03-11T15:06:19.949032+00:00,horizon,H100,2,blonduos-iceland-2,3.9,on_demand,False,40,400,80,nvlink,H100x2,,,,,,,
2026-03-11T15:06:19.949032+00:00,imwt,A6000,8,desmoines-usa-2,3.92,on_demand,False,62,384,48,nvlink,A6000x8,,,,,,,
2026-03-11T15:06:19.949032+00:00,imwt,A6000,8,kansascity-usa-2,3.92,on_demand,True,62,384,48,nvlink,A6000x8,,,,,,,
2026-03-11T15:06:19.949032+00:00,imwt,A6000,8,kansascity-usa-6,3.92,on_demand,False,62,384,48,nvlink,A6000x8,,,,,,,
2026-03-11T15:06:19.949032+00:00,boostrun,RTX4090,8,raleigh-usa-1,3.92,on_demand,False,64,512,24,nvlink,RTX4090x8,,,,,,,
2026-03-11T15:06:19.949032+00:00,voltagepark,H100,2,dallas-usa-5,3.98,on_demand,False,52,232,80,nvlink,H100_sxm5x2,,,,,,,
2026-03-11T15:06:19.949032+00:00,hyperstack,A6000,8,oslo-norway-1,4.0,on_demand,False,252,464,48,nvlink,A6000x8,,,,,,,
2026-03-11T15:06:19.949032+00:00,hyperstack,A6000,8,montreal-canada-2,4.0,on_demand,False,252,464,48,nvlink,A6000x8,,,,,,,
2026-03-11T15:06:19.949032+00:00,hyperstack,L40,4,montreal-canada-2,4.0,on_demand,True,126,232,48,nvlink,L40x4,,,,,,,
2026-03-11T15:06:19.949032+00:00,vultr,A16,8,sanjose-usa-1,4.09,on_demand,False,48,496,16,nvlink,A16x8,,,,,,,
2026-03-11T15:06:19.949032+00:00,vultr,A16,8,singapore-singapore-1,4.09,on_demand,True,48,496,16,nvlink,A16x8,,,,,,,
2026-03-11T15:06:19.949032+00:00,vultr,A16,8,london-uk-1,4.09,on_demand,False,48,496,16,nvlink,A16x8,,,,,,,
2026-03-11T15:06:19.949032+00:00,vultr,A16,8,bangalore-india-1,4.09,on_demand,True,48,496,16,nvlink,A16x8,,,,,,,
2026-03-11T15:06:19.949032+00:00,vultr,A16,8,newark-usa-1,4.09,on_demand,False,48,496,16,nvlink,A16x8,,,,,,,
2026-03-11T15:06:19.949032+00:00,vultr,A16,8,frankfurt-germany-6,4.09,on_demand,True,48,496,16,nvlink,A16x8,,,,,,,
2026-03-11T15:06:19.949032+00:00,vultr,A16,8,tokyo-japan-2,4.09,on_demand,False,48,496,16,nvlink,A16x8,,,,,,,
2026-03-11T15:06:19.949032+00:00,vultr,A16,8,chicago-usa-1,4.09,on_demand,True,48,496,16,nvlink,A16x8,,,,,,,
2026-03-11T15:06:19.949032+00:00,vultr,A16,8,atl,4.09,on_demand,True,48,496,16,nvlink,A16x8,,,,,,,
2026-03-11T15:06:19.949032+00:00,latitude,GH200,1,dallas-usa-1,4.23,on_demand,False,144,480,96,pcie,GH200,,,,,,,
2026-03-11T15:06:19.949032+00:00,verda,H200,1,helsinki-finland-2,4.23,on_demand,False,44,185,141,pcie,H200,,,,,,,
2026-03-11T15:06:19.949032+00:00,verda,H200,1,helsinki-finland-5,4.23,on_demand,False,44,185,141,pcie,H200,,,,,,,
2026-03-11T15:06:19.949032+00:00,verda,A6000,4,helsinki-finland-1,4.32,on_demand,False,40,240,48,nvlink,A6000x4,,,,,,,
2026-03-11T15:06:19.949032+00:00,crusoe,A40,4,fairview-usa-1,4.4,on_demand,False,24,240,48,nvlink,A40x4,,,,,,,
2026-03-11T15:06:19.949032+00:00,lambdalabs,V100,8,mumbai-india-1,4.4,on_demand,False,92,448,16,nvlink,V100x8,,,,,,,
2026-03-11T15:06:19.949032+00:00,lambdalabs,V100,8,chicago-usa-2,4.4,on_demand,False,92,448,16,nvlink,V100x8,,,,,,,
2026-03-11T15:06:19.949032+00:00,lambdalabs,V100,8,phoenix-usa-2,4.4,on_demand,False,92,448,16,nvlink,V100x8,,,,,,,
2026-03-11T15:06:19.949032+00:00,lambdalabs,V100,8,sanjose-usa-2,4.4,on_demand,False,92,448,16,nvlink,V100x8,,,,,,,
2026-03-11T15:06:19.949032+00:00,lambdalabs,V100,8,dulles-usa-1,4.4,on_demand,False,92,448,16,nvlink,V100x8,,,,,,,
2026-03-11T15:06:19.949032+00:00,lambdalabs,V100,8,saltlakecity-usa-1,4.4,on_demand,False,92,448,16,nvlink,V100x8,,,,,,,
2026-03-11T15:06:19.949032+00:00,lambdalabs,V100,8,dallas-usa-2,4.4,on_demand,False,92,448,16,nvlink,V100x8,,,,,,,
2026-03-11T15:06:19.949032+00:00,massedcompute,A6000,8,kansascity-usa-1,4.56,on_demand,True,62,384,48,nvlink,A6000x8,,,,,,,
2026-03-11T15:06:19.949032+00:00,massedcompute,A6000,8,desmoines-usa-1,4.56,on_demand,False,62,384,48,nvlink,A6000x8,,,,,,,
2026-03-11T15:06:19.949032+00:00,massedcompute,A6000,8,kansascity-usa-5,4.56,on_demand,False,62,384,48,nvlink,A6000x8,,,,,,,
2026-03-11T15:06:19.949032+00:00,massedcompute,A6000,8,wichita-usa-1,4.56,on_demand,False,110,512,48,nvlink,A6000_plusx8,,,,,,,
2026-03-11T15:06:19.949032+00:00,massedcompute,A6000,8,desmoines-usa-1,4.56,on_demand,False,110,512,48,nvlink,A6000_plusx8,,,,,,,
2026-03-11T15:06:19.949032+00:00,massedcompute,A6000,8,kansascity-usa-1,4.56,on_demand,False,110,512,48,nvlink,A6000_plusx8,,,,,,,
2026-03-11T15:06:19.949032+00:00,massedcompute,A6000,8,wichita-usa-1,4.56,on_demand,False,62,192,48,nvlink,A6000_basex8,,,,,,,
2026-03-11T15:06:19.949032+00:00,massedcompute,A6000,8,desmoines-usa-3,4.56,on_demand,False,62,192,48,nvlink,A6000_basex8,,,,,,,
2026-03-11T15:06:19.949032+00:00,massedcompute,A6000,8,kansascity-usa-1,4.56,on_demand,False,62,192,48,nvlink,A6000_basex8,,,,,,,
2026-03-11T15:06:19.949032+00:00,massedcompute,A6000,8,desmoines-usa-1,4.56,on_demand,True,62,192,48,nvlink,A6000_basex8,,,,,,,
2026-03-11T15:06:19.949032+00:00,massedcompute,A6000,8,kansascity-usa-1,4.64,on_demand,False,62,384,48,nvlink,A6000x8_NVLINK,,,,,,,
2026-03-11T15:06:19.949032+00:00,massedcompute,A6000,8,wichita-usa-1,4.64,on_demand,False,62,384,48,nvlink,A6000x8_NVLINK,,,,,,,
2026-03-11T15:06:19.949032+00:00,paperspace,V100_32G,2,amsterdam-netherlands-1,4.68,on_demand,False,16,60,32,nvlink,V100_32Gx2,,,,,,,
2026-03-11T15:06:19.949032+00:00,paperspace,V100_32G,2,santaclara-usa-1,4.68,on_demand,False,16,60,32,nvlink,V100_32Gx2,,,,,,,
2026-03-11T15:06:19.949032+00:00,paperspace,V100_32G,2,newyork-usa-1,4.68,on_demand,True,16,60,32,nvlink,V100_32Gx2,,,,,,,
2026-03-11T15:06:19.949032+00:00,cudo,A6000,8,stockholm-sweden-2,4.68,on_demand,False,48,192,48,nvlink,A6000x8,,,,,,,
2026-03-11T15:06:19.949032+00:00,excesssupply,RTX4090,8,oslo-norway-3,4.8,on_demand,False,120,706,24,nvlink,RTX4090x8,,,,,,,
2026-03-11T15:06:19.949032+00:00,boostrun,RTX6000Ada,8,seattle-usa-1,4.8,on_demand,False,128,512,48,nvlink,RTX6000Adax8,,,,,,,
2026-03-11T15:06:19.949032+00:00,massedcompute,A100_80G,4,wichita-usa-1,4.8,on_demand,False,54,256,80,nvlink,A100_80Gx4,,,,,,,
2026-03-11T15:06:19.949032+00:00,massedcompute,A100_80G,4,kansascity-usa-1,4.8,on_demand,False,54,256,80,nvlink,A100_80Gx4,,,,,,,
2026-03-11T15:06:19.949032+00:00,massedcompute,A100_80G,4,desmoines-usa-3,4.8,on_demand,False,54,256,80,nvlink,A100_80Gx4,,,,,,,
2026-03-11T15:06:19.949032+00:00,massedcompute,A100_80G,4,desmoines-usa-1,4.8,on_demand,True,54,256,80,nvlink,A100_80Gx4,,,,,,,
2026-03-11T15:06:19.949032+00:00,imwt,H100,2,desmoines-usa-4,4.96,on_demand,False,40,256,80,nvlink,H100x2,,,,,,,
2026-03-11T15:06:19.949032+00:00,imwt,H100,2,desmoines-usa-2,4.96,on_demand,False,40,256,80,nvlink,H100x2,,,,,,,
2026-03-11T15:06:19.949032+00:00,imwt,RTXPro6000,4,beltsville-usa-1,5.0,on_demand,False,60,576,96,nvlink,RTXPro6000x4,,,,,,,
2026-03-11T15:06:19.949032+00:00,imwt,RTXPro6000,4,omaha-usa-1,5.0,on_demand,True,60,576,96,nvlink,RTXPro6000x4,,,,,,,
2026-03-11T15:06:19.949032+00:00,lambdalabs,A100,4,mumbai-india-1,5.16,on_demand,False,120,800,40,nvlink,A100x4,,,,,,,
2026-03-11T15:06:19.949032+00:00,lambdalabs,A100,4,chicago-usa-2,5.16,on_demand,False,120,800,40,nvlink,A100x4,,,,,,,
2026-03-11T15:06:19.949032+00:00,lambdalabs,A100,4,phoenix-usa-2,5.16,on_demand,False,120,800,40,nvlink,A100x4,,,,,,,
2026-03-11T15:06:19.949032+00:00,lambdalabs,A100,4,sanjose-usa-2,5.16,on_demand,False,120,800,40,nvlink,A100x4,,,,,,,
2026-03-11T15:06:19.949032+00:00,lambdalabs,A100,4,dulles-usa-1,5.16,on_demand,False,120,800,40,nvlink,A100x4,,,,,,,
2026-03-11T15:06:19.949032+00:00,lambdalabs,A100,4,saltlakecity-usa-1,5.16,on_demand,False,120,800,40,nvlink,A100x4,,,,,,,
2026-03-11T15:06:19.949032+00:00,lambdalabs,A100,4,dallas-usa-2,5.16,on_demand,False,120,800,40,nvlink,A100x4,,,,,,,
2026-03-11T15:06:19.949032+00:00,excesssupply,RTX5090,8,oslo-norway-3,5.2,on_demand,False,120,960,32,nvlink,RTX5090x8,,,,,,,
2026-03-11T15:06:19.949032+00:00,lambdalabs,B200,1,dulles-usa-1,5.29,on_demand,False,26,360,192,pcie,B200_sxm6,1000,0.13,5.42,1.204444,,,0.1
2026-03-11T15:06:19.949032+00:00,lambdalabs,B200,1,sydney-australia-2,5.29,on_demand,False,26,360,192,pcie,B200_sxm6,1000,0.13,5.42,1.204444,,,0.1
2026-03-11T15:06:19.949032+00:00,hyperstack,A100_80G,4,oslo-norway-1,5.4,on_demand,False,124,480,80,nvlink,A100_80Gx4,,,,,,,
2026-03-11T15:06:19.949032+00:00,hyperstack,A100_80G,4,montreal-canada-2,5.4,on_demand,True,124,480,80,nvlink,A100_80Gx4,,,,,,,
2026-03-11T15:06:19.949032+00:00,boostrun,L40S,8,dallas-usa-4,5.52,on_demand,False,64,1536,48,nvlink,L40Sx8,2800,0.364,5.884,1.003411,,,0.1
2026-03-11T15:06:19.949032+00:00,boostrun,L40S,8,raleigh-usa-1,5.52,on_demand,False,64,1536,48,nvlink,L40Sx8,2800,0.364,5.884,1.003411,,,0.1
2026-03-11T15:06:19.949032+00:00,evergreen,RTX5090,8,casper-usa-1,5.6,on_demand,True,64,256,32,nvlink,RTX5090x8,,,,,,,
2026-03-11T15:06:19.949032+00:00,verda,B200,1,helsinki-finland-5,5.63,on_demand,False,31,184,192,pcie,B200,1000,0.13,5.76,1.28,,,0.1
2026-03-11T15:06:19.949032+00:00,paperspace,A5000,4,amsterdam-netherlands-1,5.68,on_demand,False,32,180,24,nvlink,A5000x4,,,,,,,
2026-03-11T15:06:19.949032+00:00,paperspace,A5000,4,santaclara-usa-1,5.68,on_demand,False,32,180,24,nvlink,A5000x4,,,,,,,
2026-03-11T15:06:19.949032+00:00,paperspace,A5000,4,newyork-usa-1,5.68,on_demand,True,32,180,24,nvlink,A5000x4,,,,,,,
2026-03-11T15:06:19.949032+00:00,crusoe,A100,4,fairview-usa-1,5.8,on_demand,False,48,480,40,nvlink,A100x4,,,,,,,
2026-03-11T15:06:19.949032+00:00,crusoe,L40S,4,houston-usa-2,5.8,on_demand,False,32,588,48,nvlink,L40Sx4,1400,0.1512,5.9512,2.029741,,,0.1
2026-03-11T15:06:19.949032+00:00,crusoe,L40S,4,culpeper-usa-1,5.8,on_demand,False,32,588,48,nvlink,L40Sx4,1400,0.1512,5.9512,2.029741,,,0.1
2026-03-11T15:06:19.949032+00:00,cudo,L40S,4,kristiansand-norway-2,5.91,on_demand,False,48,192,48,nvlink,L40Sx4,1400,0.182,6.092,2.077763,,,0.1
2026-03-11T15:06:19.949032+00:00,cudo,L40S,4,melbourne-australia-1,5.91,on_demand,False,48,192,48,nvlink,L40Sx4,1400,0.182,6.092,2.077763,,,0.1
2026-03-11T15:06:19.949032+00:00,cudo,L40S,4,skarholmen-sweden-1,5.91,on_demand,False,48,192,48,nvlink,L40Sx4,1400,0.182,6.092,2.077763,,,0.1
2026-03-11T15:06:19.949032+00:00,massedcompute,H100,2,desmoines-usa-3,5.96,on_demand,False,40,256,80,nvlink,H100x2,,,,,,,
2026-03-11T15:06:19.949032+00:00,massedcompute,H100,2,kansascity-usa-1,5.96,on_demand,False,40,256,80,nvlink,H100x2,,,,,,,
2026-03-11T15:06:19.949032+00:00,massedcompute,H100,2,desmoines-usa-1,5.96,on_demand,False,40,256,80,nvlink,H100x2,,,,,,,
2026-03-11T15:06:19.949032+00:00,massedcompute,L40,4,desmoines-usa-1,5.96,on_demand,True,100,768,48,nvlink,L40x4,,,,,,,
2026-03-11T15:06:19.949032+00:00,paperspace,H100,1,newyork-usa-1,5.99,on_demand,False,16,268,80,pcie,H100,,,,,,,
2026-03-11T15:06:19.949032+00:00,cudo,L40S,8,skarholmen-sweden-1,6.0,on_demand,False,64,1500,48,nvlink,L40Sx8_bm_se,2800,0.364,6.364,1.085266,,,0.1
2026-03-11T15:06:19.949032+00:00,scaleway,H100,2,warsaw-poland-1,6.08,on_demand,True,48,480,80,nvlink,H100x2,,,,,,,
2026-03-11T15:06:19.949032+00:00,scaleway,H100,2,paris-france-1,6.08,on_demand,True,48,480,80,nvlink,H100x2,,,,,,,
2026-03-11T15:06:19.949032+00:00,massedcompute,RTX6000Ada,8,kansascity-usa-5,6.16,on_demand,False,104,640,48,nvlink,RTX6000Adax8,,,,,,,
2026-03-11T15:06:19.949032+00:00,massedcompute,RTX6000Ada,8,desmoines-usa-3,6.16,on_demand,False,104,640,48,nvlink,RTX6000Adax8,,,,,,,
2026-03-11T15:06:19.949032+00:00,massedcompute,RTX6000Ada,8,kansascity-usa-1,6.16,on_demand,False,104,640,48,nvlink,RTX6000Adax8,,,,,,,
2026-03-11T15:06:19.949032+00:00,massedcompute,RTX6000Ada,8,desmoines-usa-1,6.16,on_demand,False,104,640,48,nvlink,RTX6000Adax8,,,,,,,
2026-03-11T15:06:19.949032+00:00,scaleway,L40S,4,warsaw-poland-1,6.23,on_demand,True,32,384,48,nvlink,L40Sx4,1400,0.182,6.412,2.186903,,,0.1
2026-03-11T15:06:19.949032+00:00,scaleway,L40S,4,paris-france-1,6.23,on_demand,False,32,384,48,nvlink,L40Sx4,1400,0.182,6.412,2.186903,,,0.1
2026-03-11T15:06:19.949032+00:00,paperspace,A100,2,amsterdam-netherlands-1,6.26,on_demand,False,24,180,40,nvlink,A100x2,,,,,,,
2026-03-11T15:06:19.949032+00:00,paperspace,A100,2,santaclara-usa-1,6.26,on_demand,False,24,180,40,nvlink,A100x2,,,,,,,
2026-03-11T15:06:19.949032+00:00,paperspace,A100,2,newyork-usa-1,6.26,on_demand,False,24,180,40,nvlink,A100x2,,,,,,,
2026-03-11T15:06:19.949032+00:00,massedcompute,H100_nvl,2,desmoines-usa-3,6.32,on_demand,False,40,256,94,nvlink,H100_nvlx2_NVLINK,,,,,,,
2026-03-11T15:06:19.949032+00:00,massedcompute,H100_nvl,2,desmoines-usa-1,6.32,on_demand,False,40,256,94,nvlink,H100_nvlx2_NVLINK,,,,,,,
2026-03-11T15:06:19.949032+00:00,cudo,H100,2,kristiansand-norway-2,6.34,on_demand,False,24,192,80,nvlink,H100x2,,,,,,,
2026-03-11T15:06:19.949032+00:00,cudo,H100,2,montreal-canada-4,6.34,on_demand,False,24,192,80,nvlink,H100x2,,,,,,,
2026-03-11T15:06:19.949032+00:00,lambdalabs,H100,2,austin-usa-1,6.38,on_demand,False,52,450,80,nvlink,H100_sxm5x2,,,,,,,
2026-03-11T15:06:19.949032+00:00,lambdalabs,H100,2,dallas-usa-3,6.38,on_demand,False,52,450,80,nvlink,H100_sxm5x2,,,,,,,
2026-03-11T15:06:19.949032+00:00,paperspace,A100_80G,2,amsterdam-netherlands-1,6.48,on_demand,False,24,180,80,nvlink,A100_sxm4_80Gx2,,,,,,,
2026-03-11T15:06:19.949032+00:00,paperspace,A100_80G,2,santaclara-usa-1,6.48,on_demand,False,24,180,80,nvlink,A100_sxm4_80Gx2,,,,,,,
2026-03-11T15:06:19.949032+00:00,paperspace,A100_80G,2,newyork-usa-1,6.48,on_demand,False,24,180,80,nvlink,A100_sxm4_80Gx2,,,,,,,
2026-03-11T15:06:19.949032+00:00,verda,B300,1,helsinki-finland-5,6.59,on_demand,False,30,275,288,pcie,B300,,,,,,,
2026-03-11T15:06:19.949032+00:00,crusoe,A100_80G,4,fairview-usa-1,6.6,on_demand,False,48,480,80,nvlink,A100_80Gx4,,,,,,,
2026-03-11T15:06:19.949032+00:00,crusoe,A100_80G,4,us-west1-a,6.6,on_demand,False,48,480,80,nvlink,A100_80Gx4,,,,,,,
2026-03-11T15:06:19.949032+00:00,crusoe,A100_80G,4,culpeper-usa-1,6.6,on_demand,False,48,480,80,nvlink,A100_80Gx4,,,,,,,
2026-03-11T15:06:19.949032+00:00,scaleway,L4,8,paris-france-5,6.67,on_demand,True,64,384,24,nvlink,L4x8,,,,,,,
2026-03-11T15:06:19.949032+00:00,scaleway,L4,8,warsaw-poland-1,6.67,on_demand,False,64,384,24,nvlink,L4x8,,,,,,,
2026-03-11T15:06:19.949032+00:00,scaleway,L4,8,paris-france-1,6.67,on_demand,True,64,384,24,nvlink,L4x8,,,,,,,
2026-03-11T15:06:19.949032+00:00,verda,H200,2,helsinki-finland-5,6.82,on_demand,False,88,370,141,nvlink,H200x2,,,,,,,
2026-03-11T15:06:19.949032+00:00,verda,H200,2,helsinki-finland-2,6.82,on_demand,False,88,370,141,nvlink,H200x2,,,,,,,
2026-03-11T15:06:19.949032+00:00,massedcompute,L40S,8,desmoines-usa-1,6.88,on_demand,False,142,768,48,nvlink,L40Sx8,2800,0.364,7.244,1.235334,,,0.1
2026-03-11T15:06:19.949032+00:00,massedcompute,L40S,8,desmoines-usa-3,6.88,on_demand,False,142,768,48,nvlink,L40Sx8,2800,0.364,7.244,1.235334,,,0.1
2026-03-11T15:06:19.949032+00:00,massedcompute,L40S,8,kansascity-usa-5,6.88,on_demand,False,142,768,48,nvlink,L40Sx8,2800,0.364,7.244,1.235334,,,0.1
2026-03-11T15:06:19.949032+00:00,massedcompute,L40S,8,kansascity-usa-1,6.88,on_demand,False,142,768,48,nvlink,L40Sx8,2800,0.364,7.244,1.235334,,,0.1
2026-03-11T15:06:19.949032+00:00,cudo,L40S,8,kristiansand-norway-2,6.96,on_demand,False,96,1500,48,nvlink,L40Sx8_bm_no,2800,0.364,7.324,1.248977,,,0.1
2026-03-11T15:06:19.949032+00:00,latitude,L40S,8,frankfurt-germany-5,6.97,on_demand,False,128,1536,48,nvlink,L40Sx8,2800,0.364,7.334,1.250682,,,0.1
2026-03-11T15:06:19.949032+00:00,latitude,L40S,8,dallas-usa-1,6.97,on_demand,False,128,1536,48,nvlink,L40Sx8,2800,0.364,7.334,1.250682,,,0.1
2026-03-11T15:06:19.949032+00:00,massedcompute,RTXPro6000,4,beltsville-usa-1,7.16,on_demand,False,60,768,96,nvlink,RTXPro6000x4,,,,,,,
2026-03-11T15:06:19.949032+00:00,massedcompute,RTXPro6000,4,kansascity-usa-6,7.16,on_demand,True,60,768,96,nvlink,RTXPro6000x4,,,,,,,
2026-03-11T15:06:19.949032+00:00,hyperstack,RTXPro6000,4,montreal-canada-2,7.2,on_demand,False,112,900,96,nvlink,RTXPro6000x4,,,,,,,
2026-03-11T15:06:19.949032+00:00,verda,A100_80G,4,helsinki-finland-2,7.28,on_demand,False,88,480,80,nvlink,A100_sxm4_80Gx4,,,,,,,
2026-03-11T15:06:19.949032+00:00,verda,A100_80G,4,helsinki-finland-5,7.28,on_demand,False,88,480,80,nvlink,A100_sxm4_80Gx4,,,,,,,
2026-03-11T15:06:19.949032+00:00,verda,A100_80G,4,helsinki-finland-1,7.28,on_demand,False,88,480,80,nvlink,A100_sxm4_80Gx4,,,,,,,
2026-03-11T15:06:19.949032+00:00,cudo,A100_80G,4,kristiansand-norway-2,7.32,on_demand,False,48,192,80,nvlink,A100_80Gx4,,,,,,,
2026-03-11T15:06:19.949032+00:00,vultr,A40,4,newark-usa-1,7.44,on_demand,False,96,480,48,nvlink,A40x4,,,,,,,
2026-03-11T15:06:19.949032+00:00,vultr,A40,4,frankfurt-germany-6,7.44,on_demand,False,96,480,48,nvlink,A40x4,,,,,,,
2026-03-11T15:06:19.949032+00:00,vultr,A40,4,bangalore-india-1,7.44,on_demand,False,96,480,48,nvlink,A40x4,,,,,,,
2026-03-11T15:06:19.949032+00:00,vultr,A40,4,tokyo-japan-2,7.44,on_demand,False,96,480,48,nvlink,A40x4,,,,,,,
2026-03-11T15:06:19.949032+00:00,vultr,A40,4,sanjose-usa-1,7.44,on_demand,False,96,480,48,nvlink,A40x4,,,,,,,
2026-03-11T15:06:19.949032+00:00,vultr,A40,4,london-uk-1,7.44,on_demand,False,96,480,48,nvlink,A40x4,,,,,,,
2026-03-11T15:06:19.949032+00:00,hyperstack,H100,4,montreal-canada-2,7.6,on_demand,True,124,720,80,nvlink,H100x4,,,,,,,
2026-03-11T15:06:19.949032+00:00,paperspace,A6000,4,santaclara-usa-1,7.72,on_demand,False,32,180,48,nvlink,A6000x4,,,,,,,
2026-03-11T15:06:19.949032+00:00,paperspace,A6000,4,newyork-usa-1,7.72,on_demand,True,32,180,48,nvlink,A6000x4,,,,,,,
2026-03-11T15:06:19.949032+00:00,paperspace,A6000,4,amsterdam-netherlands-1,7.72,on_demand,False,32,180,48,nvlink,A6000x4,,,,,,,
2026-03-11T15:06:19.949032+00:00,horizon,H100,4,blonduos-iceland-2,7.8,on_demand,False,80,800,80,nvlink,H100x4,,,,,,,
2026-03-11T15:06:19.949032+00:00,boostrun,RTXPro6000,8,charlotte-usa-1,7.92,on_demand,False,128,1536,96,nvlink,RTXPro6000x8,,,,,,,
2026-03-11T15:06:19.949032+00:00,voltagepark,H100,4,dallas-usa-5,7.96,on_demand,False,104,464,80,nvlink,H100_sxm5x4,,,,,,,
2026-03-11T15:06:19.949032+00:00,hyperstack,L40,8,montreal-canada-2,8.0,on_demand,True,252,464,48,nvlink,L40x8,,,,,,,
2026-03-11T15:06:19.949032+00:00,verda,RTX6000Ada,8,helsinki-finland-5,8.48,on_demand,False,80,480,48,nvlink,RTX6000Adax8,,,,,,,
2026-03-11T15:06:19.949032+00:00,crusoe,A40,8,fairview-usa-1,8.8,on_demand,False,48,480,48,nvlink,A40x8,,,,,,,
2026-03-11T15:06:19.949032+00:00,denvr,GAUDI2,8,houston-usa-1,8.8,on_demand,False,152,940,96,nvlink,Gaudi2x8,,,,,,,
2026-03-11T15:06:19.949032+00:00,latitude,H100,4,dallas-usa-1,8.97,on_demand,False,128,768,80,nvlink,H100x4,,,,,,,
2026-03-11T15:06:19.949032+00:00,vultr,A16,16,london-uk-1,9.19,on_demand,False,96,960,16,nvlink,A16x16,,,,,,,
2026-03-11T15:06:19.949032+00:00,vultr,A16,16,sanjose-usa-1,9.19,on_demand,False,96,960,16,nvlink,A16x16,,,,,,,
2026-03-11T15:06:19.949032+00:00,vultr,A16,16,tokyo-japan-2,9.19,on_demand,False,96,960,16,nvlink,A16x16,,,,,,,
2026-03-11T15:06:19.949032+00:00,vultr,A16,16,singapore-singapore-1,9.19,on_demand,True,96,960,16,nvlink,A16x16,,,,,,,
2026-03-11T15:06:19.949032+00:00,vultr,A16,16,newark-usa-1,9.19,on_demand,False,96,960,16,nvlink,A16x16,,,,,,,
2026-03-11T15:06:19.949032+00:00,vultr,A16,16,chicago-usa-1,9.19,on_demand,False,96,960,16,nvlink,A16x16,,,,,,,
2026-03-11T15:06:19.949032+00:00,vultr,A16,16,frankfurt-germany-6,9.19,on_demand,False,96,960,16,nvlink,A16x16,,,,,,,
2026-03-11T15:06:19.949032+00:00,vultr,A16,16,bangalore-india-1,9.19,on_demand,True,96,960,16,nvlink,A16x16,,,,,,,
2026-03-11T15:06:19.949032+00:00,vultr,A16,16,atl,9.19,on_demand,True,96,960,16,nvlink,A16x16,,,,,,,
2026-03-11T15:06:19.949032+00:00,paperspace,V100_32G,4,amsterdam-netherlands-1,9.36,on_demand,False,32,120,32,nvlink,V100_32Gx4,,,,,,,
2026-03-11T15:06:19.949032+00:00,paperspace,V100_32G,4,santaclara-usa-1,9.36,on_demand,False,32,120,32,nvlink,V100_32Gx4,,,,,,,
2026-03-11T15:06:19.949032+00:00,paperspace,V100_32G,4,newyork-usa-1,9.36,on_demand,True,32,120,32,nvlink,V100_32Gx4,,,,,,,
2026-03-11T15:06:19.949032+00:00,massedcompute,A100_80G,8,wichita-usa-1,9.6,on_demand,False,110,512,80,nvlink,A100_80Gx8,,,,,,,
2026-03-11T15:06:19.949032+00:00,massedcompute,A100_80G,8,desmoines-usa-1,9.6,on_demand,False,110,512,80,nvlink,A100_80Gx8,,,,,,,
2026-03-11T15:06:19.949032+00:00,massedcompute,A100_80G,8,desmoines-usa-3,9.6,on_demand,False,110,512,80,nvlink,A100_80Gx8,,,,,,,
2026-03-11T15:06:19.949032+00:00,massedcompute,A100_80G,8,kansascity-usa-1,9.6,on_demand,False,110,512,80,nvlink,A100_80Gx8,,,,,,,
2026-03-11T15:06:19.949032+00:00,verda,B200,2,helsinki-finland-5,9.62,on_demand,False,62,360,192,nvlink,B200x2,2000,0.26,9.88,1.097778,,,0.1
2026-03-11T15:06:19.949032+00:00,imwt,H100,4,desmoines-usa-4,9.92,on_demand,False,64,512,80,nvlink,H100x4,,,,,,,
2026-03-11T15:06:19.949032+00:00,imwt,H100,4,desmoines-usa-2,9.92,on_demand,False,64,512,80,nvlink,H100x4,,,,,,,
2026-03-11T15:06:19.949032+00:00,denvr,A100,8,calgary-canada-1,10.0,on_demand,True,120,940,40,nvlink,A100_sxm4x8,,,,,,,
2026-03-11T15:06:19.949032+00:00,imwt,RTXPro6000,8,omaha-usa-1,10.0,on_demand,True,120,1536,96,nvlink,RTXPro6000x8,,,,,,,
2026-03-11T15:06:19.949032+00:00,imwt,RTXPro6000,8,beltsville-usa-1,10.0,on_demand,False,120,1536,96,nvlink,RTXPro6000x8,,,,,,,
2026-03-11T15:06:19.949032+00:00,massedcompute,A100_80G,8,desmoines-usa-3,10.24,on_demand,False,126,1500,80,nvlink,A100_sxm4_80Gx8,,,,,,,
2026-03-11T15:06:19.949032+00:00,massedcompute,A100_80G,8,desmoines-usa-1,10.24,on_demand,False,126,1500,80,nvlink,A100_sxm4_80Gx8,,,,,,,
2026-03-11T15:06:19.949032+00:00,massedcompute,A100_80G,8,desmoines-usa-3,10.24,on_demand,False,120,1896,80,nvlink,A100_sxm4_80G_DGXx8,,,,,,,
2026-03-11T15:06:19.949032+00:00,massedcompute,A100_80G,8,kansascity-usa-5,10.24,on_demand,False,120,1896,80,nvlink,A100_sxm4_80G_DGXx8,,,,,,,
2026-03-11T15:06:19.949032+00:00,massedcompute,A100_80G,8,desmoines-usa-1,10.24,on_demand,False,120,1896,80,nvlink,A100_sxm4_80G_DGXx8,,,,,,,
2026-03-11T15:06:19.949032+00:00,massedcompute,A100_80G,8,kansascity-usa-1,10.24,on_demand,False,120,1896,80,nvlink,A100_sxm4_80G_DGXx8,,,,,,,
2026-03-11T15:06:19.949032+00:00,massedcompute,A100_80G,8,beltsville-usa-1,10.24,on_demand,False,120,1896,80,nvlink,A100_sxm4_80G_DGXx8,,,,,,,
2026-03-11T15:06:19.949032+00:00,lambdalabs,A100,8,mumbai-india-1,10.32,on_demand,False,124,1800,40,nvlink,A100x8,,,,,,,
2026-03-11T15:06:19.949032+00:00,lambdalabs,A100,8,chicago-usa-2,10.32,on_demand,False,124,1800,40,nvlink,A100x8,,,,,,,
2026-03-11T15:06:19.949032+00:00,lambdalabs,A100,8,saltlakecity-usa-1,10.32,on_demand,False,124,1800,40,nvlink,A100x8,,,,,,,
2026-03-11T15:06:19.949032+00:00,lambdalabs,A100,8,dallas-usa-2,10.32,on_demand,False,124,1800,40,nvlink,A100x8,,,,,,,
2026-03-11T15:06:19.949032+00:00,lambdalabs,A100,8,sanjose-usa-2,10.32,on_demand,False,124,1800,40,nvlink,A100x8,,,,,,,
2026-03-11T15:06:19.949032+00:00,lambdalabs,A100,8,osaka-japan-1,10.32,on_demand,False,124,1800,40,nvlink,A100x8,,,,,,,
2026-03-11T15:06:19.949032+00:00,lambdalabs,A100,8,phoenix-usa-2,10.32,on_demand,False,124,1800,40,nvlink,A100x8,,,,,,,
2026-03-11T15:06:19.949032+00:00,lambdalabs,A100,8,tokyo-japan-1,10.32,on_demand,False,124,1800,40,nvlink,A100x8,,,,,,,
2026-03-11T15:06:19.949032+00:00,lambdalabs,A100,8,jerusalem-israel-1,10.32,on_demand,True,124,1800,40,nvlink,A100x8,,,,,,,
2026-03-11T15:06:19.949032+00:00,lambdalabs,A100,8,frankfurt-germany-7,10.32,on_demand,False,124,1800,40,nvlink,A100x8,,,,,,,
2026-03-11T15:06:19.949032+00:00,lambdalabs,A100,8,dulles-usa-1,10.32,on_demand,False,124,1800,40,nvlink,A100x8,,,,,,,
2026-03-11T15:06:19.949032+00:00,lambdalabs,B200,2,dulles-usa-1,10.38,on_demand,False,52,720,192,nvlink,B200_sxm6x2,2000,0.26,10.64,1.182222,,,0.1
2026-03-11T15:06:19.949032+00:00,lambdalabs,B200,2,sydney-australia-2,10.38,on_demand,False,52,720,192,nvlink,B200_sxm6x2,2000,0.26,10.64,1.182222,,,0.1
2026-03-11T15:06:19.949032+00:00,hyperstack,A100_80G,8,montreal-canada-2,10.8,on_demand,False,252,1440,80,nvlink,A100_80Gx8,,,,,,,
2026-03-11T15:06:19.949032+00:00,denvr,A100_80G,8,houston-usa-1,10.8,on_demand,True,200,940,80,nvlink,A100_sxm4_80Gx8,,,,,,,
2026-03-11T15:06:19.949032+00:00,excesssupply,RTXPro6000,8,charlotte-usa-2,10.8,on_demand,False,128,1536,96,nvlink,RTXPro6000x8_es,,,,,,,
2026-03-11T15:06:19.949032+00:00,hyperstack,A100_80G,8,montreal-canada-2,11.2,on_demand,False,252,960,80,nvlink,A100_80Gx8_NVLINK,,,,,,,
2026-03-11T15:06:19.949032+00:00,verda,B300,2,helsinki-finland-5,11.54,on_demand,False,60,550,288,nvlink,B300x2,,,,,,,
2026-03-11T15:06:19.949032+00:00,crusoe,A100,8,fairview-usa-1,11.6,on_demand,False,96,960,40,nvlink,A100x8,,,,,,,
2026-03-11T15:06:19.949032+00:00,crusoe,L40S,8,houston-usa-2,11.6,on_demand,False,64,1176,48,nvlink,L40Sx8,2800,0.3024,11.9024,2.029741,,,0.1
2026-03-11T15:06:19.949032+00:00,crusoe,L40S,8,culpeper-usa-1,11.6,on_demand,False,64,1176,48,nvlink,L40Sx8,2800,0.3024,11.9024,2.029741,,,0.1
2026-03-11T15:06:19.949032+00:00,cudo,H100,4,kristiansand-norway-2,11.79,on_demand,False,48,233,80,nvlink,H100x4,,,,,,,
2026-03-11T15:06:19.949032+00:00,cudo,H100,4,montreal-canada-4,11.79,on_demand,False,48,233,80,nvlink,H100x4,,,,,,,
2026-03-11T15:06:19.949032+00:00,cudo,L40S,8,kristiansand-norway-2,11.83,on_demand,False,96,384,48,nvlink,L40Sx8,2800,0.364,12.194,2.079468,,,0.1
2026-03-11T15:06:19.949032+00:00,cudo,L40S,8,melbourne-australia-1,11.83,on_demand,False,96,384,48,nvlink,L40Sx8,2800,0.364,12.194,2.079468,,,0.1
2026-03-11T15:06:19.949032+00:00,cudo,L40S,8,skarholmen-sweden-1,11.83,on_demand,False,96,384,48,nvlink,L40Sx8,2800,0.364,12.194,2.079468,,,0.1
2026-03-11T15:06:19.949032+00:00,massedcompute,H100,4,desmoines-usa-3,11.92,on_demand,False,64,512,80,nvlink,H100x4,,,,,,,
2026-03-11T15:06:19.949032+00:00,massedcompute,H100,4,kansascity-usa-1,11.92,on_demand,False,64,512,80,nvlink,H100x4,,,,,,,
2026-03-11T15:06:19.949032+00:00,massedcompute,H100,4,desmoines-usa-1,11.92,on_demand,False,64,512,80,nvlink,H100x4,,,,,,,
2026-03-11T15:06:19.949032+00:00,verda,H200,4,helsinki-finland-5,12.0,on_demand,False,176,740,141,nvlink,H200x4,,,,,,,
2026-03-11T15:06:19.949032+00:00,verda,H200,4,helsinki-finland-2,12.0,on_demand,False,176,740,141,nvlink,H200x4,,,,,,,
2026-03-11T15:06:19.949032+00:00,lambdalabs,H100,4,dallas-usa-3,12.36,on_demand,False,104,900,80,nvlink,H100_sxm5x4,,,,,,,
2026-03-11T15:06:19.949032+00:00,lambdalabs,H100,4,austin-usa-1,12.36,on_demand,False,104,900,80,nvlink,H100_sxm5x4,,,,,,,
2026-03-11T15:06:19.949032+00:00,scaleway,L40S,8,warsaw-poland-1,12.39,on_demand,False,64,768,48,nvlink,L40Sx8,2800,0.364,12.754,2.174966,,,0.1
2026-03-11T15:06:19.949032+00:00,scaleway,L40S,8,paris-france-1,12.39,on_demand,False,64,768,48,nvlink,L40Sx8,2800,0.364,12.754,2.174966,,,0.1
2026-03-11T15:06:19.949032+00:00,paperspace,A100,4,amsterdam-netherlands-1,12.44,on_demand,False,48,360,40,nvlink,A100x4,,,,,,,
2026-03-11T15:06:19.949032+00:00,paperspace,A100,4,santaclara-usa-1,12.44,on_demand,False,48,360,40,nvlink,A100x4,,,,,,,
2026-03-11T15:06:19.949032+00:00,paperspace,A100,4,newyork-usa-1,12.44,on_demand,False,48,360,40,nvlink,A100x4,,,,,,,
2026-03-11T15:06:19.949032+00:00,cudo,A100_80G,8,kristiansand-norway-2,12.64,on_demand,False,96,384,80,nvlink,A100_80Gx8,,,,,,,
2026-03-11T15:06:19.949032+00:00,massedcompute,H100_nvl,4,desmoines-usa-3,12.64,on_demand,False,80,512,94,nvlink,H100_nvlx4_NVLINK,,,,,,,
2026-03-11T15:06:19.949032+00:00,massedcompute,H100_nvl,4,desmoines-usa-1,12.64,on_demand,False,80,512,94,nvlink,H100_nvlx4_NVLINK,,,,,,,
2026-03-11T15:06:19.949032+00:00,latitude,RTXPro6000,8,TYO4,12.8,on_demand,True,192,1511,96,nvlink,RTXPro6000x8,,,,,,,
2026-03-11T15:06:19.949032+00:00,latitude,RTXPro6000,8,AMS,12.8,on_demand,True,192,1511,96,nvlink,RTXPro6000x8,,,,,,,
2026-03-11T15:06:19.949032+00:00,latitude,RTXPro6000,8,SYD2,12.8,on_demand,True,192,1511,96,nvlink,RTXPro6000x8,,,,,,,
2026-03-11T15:06:19.949032+00:00,latitude,RTXPro6000,8,ashburn-usa-7,12.8,on_demand,False,192,1511,96,nvlink,RTXPro6000x8,,,,,,,
2026-03-11T15:06:19.949032+00:00,latitude,RTXPro6000,8,chicago-usa-4,12.8,on_demand,True,192,1511,96,nvlink,RTXPro6000x8,,,,,,,
2026-03-11T15:06:19.949032+00:00,paperspace,A100_80G,4,amsterdam-netherlands-1,12.88,on_demand,False,48,360,80,nvlink,A100_sxm4_80Gx4,,,,,,,
2026-03-11T15:06:19.949032+00:00,paperspace,A100_80G,4,newyork-usa-1,12.88,on_demand,False,48,360,80,nvlink,A100_sxm4_80Gx4,,,,,,,
2026-03-11T15:06:19.949032+00:00,paperspace,A100_80G,4,santaclara-usa-1,12.88,on_demand,False,48,360,80,nvlink,A100_sxm4_80Gx4,,,,,,,
2026-03-11T15:06:19.949032+00:00,excesssupply,A100_80G,8,dulles-usa-4,13.11,on_demand,False,240,1800,80,nvlink,A100_sxm4_80Gx8,,,,,,,
2026-03-11T15:06:19.949032+00:00,excesssupply,A100_80G,8,sydney-australia-3,13.11,on_demand,False,240,1800,80,nvlink,A100_sxm4_80Gx8,,,,,,,
2026-03-11T15:06:19.949032+00:00,excesssupply,A100_80G,8,chicago-usa-3,13.11,on_demand,False,240,1800,80,nvlink,A100_sxm4_80Gx8,,,,,,,
2026-03-11T15:06:19.949032+00:00,crusoe,A100_80G,8,fairview-usa-1,13.2,on_demand,False,96,960,80,nvlink,A100_80Gx8,,,,,,,
2026-03-11T15:06:19.949032+00:00,crusoe,A100_80G,8,us-west1-a,13.2,on_demand,False,96,960,80,nvlink,A100_80Gx8,,,,,,,
2026-03-11T15:06:19.949032+00:00,crusoe,A100_80G,8,culpeper-usa-1,13.2,on_demand,False,96,960,80,nvlink,A100_80Gx8,,,,,,,
2026-03-11T15:06:19.949032+00:00,lambdalabs,A100_80G,8,mumbai-india-1,14.32,on_demand,False,240,1800,80,nvlink,A100_sxm4_80Gx8,,,,,,,
2026-03-11T15:06:19.949032+00:00,lambdalabs,A100_80G,8,phoenix-usa-2,14.32,on_demand,False,240,1800,80,nvlink,A100_sxm4_80Gx8,,,,,,,
2026-03-11T15:06:19.949032+00:00,lambdalabs,A100_80G,8,sanjose-usa-2,14.32,on_demand,False,240,1800,80,nvlink,A100_sxm4_80Gx8,,,,,,,
2026-03-11T15:06:19.949032+00:00,lambdalabs,A100_80G,8,saltlakecity-usa-1,14.32,on_demand,False,240,1800,80,nvlink,A100_sxm4_80Gx8,,,,,,,
2026-03-11T15:06:19.949032+00:00,lambdalabs,A100_80G,8,dallas-usa-2,14.32,on_demand,False,240,1800,80,nvlink,A100_sxm4_80Gx8,,,,,,,
2026-03-11T15:06:19.949032+00:00,lambdalabs,A100_80G,8,chicago-usa-2,14.32,on_demand,False,240,1800,80,nvlink,A100_sxm4_80Gx8,,,,,,,
2026-03-11T15:06:19.949032+00:00,lambdalabs,A100_80G,8,dulles-usa-1,14.32,on_demand,False,240,1800,80,nvlink,A100_sxm4_80Gx8,,,,,,,
2026-03-11T15:06:19.949032+00:00,lambdalabs,A100_80G,8,sydney-australia-2,14.32,on_demand,False,240,1800,80,nvlink,A100_sxm4_80Gx8,,,,,,,
2026-03-11T15:06:19.949032+00:00,massedcompute,RTXPro6000,8,kansascity-usa-6,14.32,on_demand,True,120,1536,96,nvlink,RTXPro6000x8,,,,,,,
2026-03-11T15:06:19.949032+00:00,massedcompute,RTXPro6000,8,beltsville-usa-1,14.32,on_demand,False,120,1536,96,nvlink,RTXPro6000x8,,,,,,,
2026-03-11T15:06:19.949032+00:00,latitude,H100,8,dallas-usa-1,14.34,on_demand,False,128,1536,80,nvlink,H100x8_NVLINK,,,,,,,
2026-03-11T15:06:19.949032+00:00,hyperstack,RTXPro6000,8,montreal-canada-2,14.4,on_demand,False,224,1800,96,nvlink,RTXPro6000x8,,,,,,,
2026-03-11T15:06:19.949032+00:00,crusoe,L40S,10,culpeper-usa-1,14.5,on_demand,False,80,1470,48,nvlink,L40Sx10,3500,0.378,14.878,2.029741,,,0.1
2026-03-11T15:06:19.949032+00:00,crusoe,L40S,10,houston-usa-2,14.5,on_demand,False,80,1470,48,nvlink,L40Sx10,3500,0.378,14.878,2.029741,,,0.1
2026-03-11T15:06:19.949032+00:00,verda,A100_80G,8,helsinki-finland-5,14.56,on_demand,False,176,960,80,nvlink,A100_sxm4_80Gx8,,,,,,,
2026-03-11T15:06:19.949032+00:00,verda,A100_80G,8,helsinki-finland-2,14.56,on_demand,False,176,960,80,nvlink,A100_sxm4_80Gx8,,,,,,,
2026-03-11T15:06:19.949032+00:00,hyperstack,H100,8,montreal-canada-2,15.2,on_demand,True,252,1440,80,nvlink,H100x8,,,,,,,
2026-03-11T15:06:19.949032+00:00,crusoe,A100_80G,8,culpeper-usa-1,15.6,on_demand,False,96,960,80,nvlink,A100_80G_sxm4x8,,,,,,,
2026-03-11T15:06:19.949032+00:00,hyperstack,H100,8,montreal-canada-2,15.6,on_demand,True,252,1440,80,nvlink,H100x8_NVLINK,,,,,,,
2026-03-11T15:06:19.949032+00:00,horizon,H100,8,blonduos-iceland-2,15.6,on_demand,False,160,1536,80,nvlink,H100x8,,,,,,,
2026-03-11T15:06:19.949032+00:00,voltagepark,H100,8,dallas-usa-5,15.92,on_demand,False,104,1024,80,nvlink,H100_sxm5x8,,,,,,,
2026-03-11T15:06:19.949032+00:00,voltagepark,H100,8,dallas-usa-5,15.92,on_demand,False,104,1024,80,nvlink,H100_sxm5x8_bm,,,,,,,
2026-03-11T15:06:19.949032+00:00,denvr,H100,8,houston-usa-1,17.6,on_demand,False,208,940,80,nvlink,H100_sxm5x8,,,,,,,
2026-03-11T15:06:19.949032+00:00,verda,B200,4,helsinki-finland-5,17.6,on_demand,False,124,736,192,nvlink,B200x4,4000,0.52,18.12,1.006667,,,0.1
2026-03-11T15:06:19.949032+00:00,amaya,H200,8,dowagiac-usa-1,18.0,on_demand,False,480,2048,141,nvlink,H200_sxm5x8_NVLINK,,,,,,,
2026-03-11T15:06:19.949032+00:00,excesssupply,H200,8,raleigh-usa-2,18.0,on_demand,False,96,2048,141,nvlink,H200_sxm5x8_NVLINK_es,,,,,,,
2026-03-11T15:06:19.949032+00:00,excesssupply,H200,8,dallas-usa-6,18.0,on_demand,False,96,2048,141,nvlink,H200_sxm5x8_NVLINK_es,,,,,,,
2026-03-11T15:06:19.949032+00:00,cudo,H100,8,paris-france-6,18.0,on_demand,False,72,1000,80,nvlink,H100_80x8_bm,,,,,,,
2026-03-11T15:06:19.949032+00:00,hyperstack,H100,8,houston-usa-3,19.2,on_demand,False,192,960,80,nvlink,H100_sxm5x8,,,,,,,
2026-03-11T15:06:19.949032+00:00,hyperstack,H100,8,montreal-canada-2,19.2,on_demand,False,192,960,80,nvlink,H100_sxm5x8,,,,,,,
2026-03-11T15:06:19.949032+00:00,massedcompute,H100,8,desmoines-usa-1,19.36,on_demand,False,126,1800,80,nvlink,H100_sxm5x8_NVLINK,,,,,,,
2026-03-11T15:06:19.949032+00:00,massedcompute,H100,8,desmoines-usa-3,19.36,on_demand,False,126,1800,80,nvlink,H100_sxm5x8_NVLINK,,,,,,,
2026-03-11T15:06:19.949032+00:00,boostrun,H200,8,raleigh-usa-1,19.6,on_demand,False,96,2048,141,nvlink,H200_sxm5x8_NVLINK,,,,,,,
2026-03-11T15:06:19.949032+00:00,boostrun,H200,8,dallas-usa-4,19.6,on_demand,False,96,2048,141,nvlink,H200_sxm5x8_NVLINK,,,,,,,
2026-03-11T15:06:19.949032+00:00,imwt,H100,8,desmoines-usa-4,19.84,on_demand,False,128,512,80,nvlink,H100x8,,,,,,,
2026-03-11T15:06:19.949032+00:00,imwt,H100,8,desmoines-usa-2,19.84,on_demand,False,128,512,80,nvlink,H100x8,,,,,,,
2026-03-11T15:06:19.949032+00:00,excesssupply,H200,8,helsinki-finland-4,19.86,on_demand,False,128,1600,141,nvlink,H200_sxm5x8_NVLINK,,,,,,,
2026-03-11T15:06:19.949032+00:00,excesssupply,H200,8,paris-france-3,19.86,on_demand,False,128,1600,141,nvlink,H200_sxm5x8_NVLINK,,,,,,,
2026-03-11T15:06:19.949032+00:00,excesssupply,H200,8,kansascity-usa-4,19.86,on_demand,False,128,1600,141,nvlink,H200_sxm5x8_NVLINK,,,,,,,
2026-03-11T15:06:19.949032+00:00,lambdalabs,B200,4,sydney-australia-2,20.36,on_demand,False,104,1440,192,nvlink,B200_sxm6x4,4000,0.52,20.88,1.16,,,0.1
2026-03-11T15:06:19.949032+00:00,lambdalabs,B200,4,dulles-usa-1,20.36,on_demand,False,104,1440,192,nvlink,B200_sxm6x4,4000,0.52,20.88,1.16,,,0.1
2026-03-11T15:06:19.949032+00:00,verda,B300,4,helsinki-finland-5,21.44,on_demand,False,120,1100,288,nvlink,B300x4,,,,,,,
2026-03-11T15:06:19.949032+00:00,verda,H200,8,helsinki-finland-2,22.36,on_demand,False,176,1450,141,nvlink,H200x8,,,,,,,
2026-03-11T15:06:19.949032+00:00,verda,H200,8,helsinki-finland-5,22.36,on_demand,False,176,1450,141,nvlink,H200x8,,,,,,,
2026-03-11T15:06:19.949032+00:00,cudo,H100,8,kristiansand-norway-2,23.1,on_demand,False,96,384,80,nvlink,H100x8,,,,,,,
2026-03-11T15:06:19.949032+00:00,cudo,H100,8,montreal-canada-4,23.1,on_demand,False,96,384,80,nvlink,H100x8,,,,,,,
2026-03-11T15:06:19.949032+00:00,massedcompute,H100,8,desmoines-usa-3,23.92,on_demand,False,128,512,80,nvlink,H100x8,,,,,,,
2026-03-11T15:06:19.949032+00:00,massedcompute,H100,8,desmoines-usa-1,23.92,on_demand,False,128,512,80,nvlink,H100x8,,,,,,,
2026-03-11T15:06:19.949032+00:00,massedcompute,H100,8,kansascity-usa-1,23.92,on_demand,False,128,512,80,nvlink,H100x8,,,,,,,
2026-03-11T15:06:19.949032+00:00,digitalocean,H100,8,toronto-canada-1,23.92,on_demand,False,160,1920,80,nvlink,H100_sxm5x8,,,,,,,
2026-03-11T15:06:19.949032+00:00,digitalocean,H100,8,newyork-usa-2,23.92,on_demand,False,160,1920,80,nvlink,H100_sxm5x8,,,,,,,
2026-03-11T15:06:19.949032+00:00,digitalocean,H100,8,amsterdam-netherlands-2,23.92,on_demand,False,160,1920,80,nvlink,H100_sxm5x8,,,,,,,
2026-03-11T15:06:19.949032+00:00,lambdalabs,H100,8,mumbai-india-1,23.92,on_demand,False,208,1800,80,nvlink,H100_sxm5x8,,,,,,,
2026-03-11T15:06:19.949032+00:00,lambdalabs,H100,8,chicago-usa-2,23.92,on_demand,False,208,1800,80,nvlink,H100_sxm5x8,,,,,,,
2026-03-11T15:06:19.949032+00:00,lambdalabs,H100,8,phoenix-usa-2,23.92,on_demand,False,208,1800,80,nvlink,H100_sxm5x8,,,,,,,
2026-03-11T15:06:19.949032+00:00,lambdalabs,H100,8,sanjose-usa-2,23.92,on_demand,False,208,1800,80,nvlink,H100_sxm5x8,,,,,,,
2026-03-11T15:06:19.949032+00:00,lambdalabs,H100,8,dulles-usa-1,23.92,on_demand,False,208,1800,80,nvlink,H100_sxm5x8,,,,,,,
2026-03-11T15:06:19.949032+00:00,lambdalabs,H100,8,dallas-usa-2,23.92,on_demand,False,208,1800,80,nvlink,H100_sxm5x8,,,,,,,
2026-03-11T15:06:19.949032+00:00,lambdalabs,H100,8,dallas-usa-3,23.92,on_demand,False,208,1800,80,nvlink,H100_sxm5x8,,,,,,,
2026-03-11T15:06:19.949032+00:00,lambdalabs,H100,8,austin-usa-1,23.92,on_demand,False,208,1800,80,nvlink,H100_sxm5x8,,,,,,,
2026-03-11T15:06:19.949032+00:00,lambdalabs,H100,8,saltlakecity-usa-1,23.92,on_demand,False,208,1800,80,nvlink,H100_sxm5x8,,,,,,,
2026-03-11T15:06:19.949032+00:00,nebius,H100,8,helsinki-finland-3,23.99,on_demand,False,128,1600,80,nvlink,H100_sxm5x8_NVLINK,,,,,,,
2026-03-11T15:06:19.949032+00:00,horizon,H200,8,blonduos-iceland-3,24.0,on_demand,False,160,1536,141,nvlink,H200x8,,,,,,,
2026-03-11T15:06:19.949032+00:00,paperspace,A100,8,amsterdam-netherlands-1,24.88,on_demand,False,96,720,40,nvlink,A100x8,,,,,,,
2026-03-11T15:06:19.949032+00:00,paperspace,A100,8,newyork-usa-1,24.88,on_demand,False,96,720,40,nvlink,A100x8,,,,,,,
2026-03-11T15:06:19.949032+00:00,paperspace,A100,8,santaclara-usa-1,24.88,on_demand,False,96,720,40,nvlink,A100x8,,,,,,,
2026-03-11T15:06:19.949032+00:00,massedcompute,H100_nvl,8,desmoines-usa-1,25.28,on_demand,False,140,1500,94,nvlink,H100_nvlx8_NVLINK,,,,,,,
2026-03-11T15:06:19.949032+00:00,paperspace,A100_80G,8,amsterdam-netherlands-1,25.76,on_demand,False,96,720,80,nvlink,A100_sxm4_80Gx8,,,,,,,
2026-03-11T15:06:19.949032+00:00,paperspace,A100_80G,8,santaclara-usa-1,25.76,on_demand,False,96,720,80,nvlink,A100_sxm4_80Gx8,,,,,,,
2026-03-11T15:06:19.949032+00:00,paperspace,A100_80G,8,newyork-usa-1,25.76,on_demand,True,96,720,80,nvlink,A100_sxm4_80Gx8,,,,,,,
2026-03-11T15:06:19.949032+00:00,excesssupply,H200,8,kansascity-usa-4,26.25,on_demand,False,128,1600,141,nvlink,H200_sxm5x8_NVLINK_eu,,,,,,,
2026-03-11T15:06:19.949032+00:00,excesssupply,H200,8,helsinki-finland-4,26.25,on_demand,False,128,1600,141,nvlink,H200_sxm5x8_NVLINK_eu,,,,,,,
2026-03-11T15:06:19.949032+00:00,excesssupply,H200,8,paris-france-3,26.25,on_demand,False,128,1600,141,nvlink,H200_sxm5x8_NVLINK_eu,,,,,,,
2026-03-11T15:06:19.949032+00:00,digitalocean,H200,8,newyork-usa-2,27.52,on_demand,False,192,1920,141,nvlink,H200_sxm5x8_NVLINK,,,,,,,
2026-03-11T15:06:19.949032+00:00,digitalocean,H200,8,atlanta-usa-1,27.52,on_demand,False,192,1920,141,nvlink,H200_sxm5x8_NVLINK,,,,,,,
2026-03-11T15:06:19.949032+00:00,nebius,H200,8,paris-france-2,28.44,on_demand,False,128,1600,141,nvlink,H200_sxm5x8_NVLINK,,,,,,,
2026-03-11T15:06:19.949032+00:00,nebius,H200,8,helsinki-finland-3,28.44,on_demand,False,128,1600,141,nvlink,H200_sxm5x8_NVLINK,,,,,,,
2026-03-11T15:06:19.949032+00:00,nebius,H200,8,kansascity-usa-3,28.44,on_demand,False,128,1600,141,nvlink,H200_sxm5x8_NVLINK,,,,,,,
2026-03-11T15:06:19.949032+00:00,boostrun,B200,8,dallas-usa-4,29.92,on_demand,False,96,2048,192,nvlink,B200_sxm6x8_NVLINK,8000,1.04,30.96,0.86,,,0.1
2026-03-11T15:06:19.949032+00:00,boostrun,B200,8,charlotte-usa-1,29.92,on_demand,False,96,2048,192,nvlink,B200_sxm6x8_NVLINK,8000,1.04,30.96,0.86,,,0.1
2026-03-11T15:06:19.949032+00:00,verda,B200,8,helsinki-finland-5,33.56,on_demand,False,248,1440,192,nvlink,B200x8,8000,1.04,34.6,0.961111,,,0.1
2026-03-11T15:06:19.949032+00:00,excesssupply,B200,8,kansascity-usa-4,36.11,on_demand,False,160,1792,192,nvlink,B200_sxm5x8_NVLINK,8000,1.04,37.15,1.031944,,,0.1
2026-03-11T15:06:19.949032+00:00,lambdalabs,B200,8,sydney-australia-2,39.92,on_demand,False,208,2900,192,nvlink,B200_sxm6x8,8000,1.04,40.96,1.137778,,,0.1
2026-03-11T15:06:19.949032+00:00,lambdalabs,B200,8,dulles-usa-1,39.92,on_demand,False,208,2900,192,nvlink,B200_sxm6x8,8000,1.04,40.96,1.137778,,,0.1
2026-03-11T15:06:19.949032+00:00,verda,B300,8,helsinki-finland-5,41.24,on_demand,False,240,2200,288,nvlink,B300x8,,,,,,,
2026-03-11T15:06:19.950273+00:00,runpod,MI300X,1,us,1.99,on_demand,True,,,192,,,750,0.1013,2.0913,1.600038,,,0.1
2026-03-11T15:06:19.950273+00:00,runpod,MI300X,1,us,0.5,community,False,,,192,,,750,0.1013,0.6013,0.460023,,,0.1
2026-03-11T15:06:19.950273+00:00,runpod,MI300X,1,us,1.49,spot,True,,,192,,,750,0.1013,1.5913,1.217483,,,0.1
2026-03-11T15:06:19.950273+00:00,runpod,A100_PCIE,1,us,1.39,on_demand,True,,,80,,,,,,,,,
2026-03-11T15:06:19.950273+00:00,runpod,A100_PCIE,1,us,1.19,community,True,,,80,,,,,,,,,
2026-03-11T15:06:19.950273+00:00,runpod,A100_PCIE,1,us,0.82,spot,True,,,80,,,,,,,,,
2026-03-11T15:06:19.950273+00:00,runpod,A100_SXM,1,us,1.49,on_demand,True,,,80,,,400,0.054,1.544,2.474359,,,0.1
2026-03-11T15:06:19.950273+00:00,runpod,A100_SXM,1,us,1.39,community,True,,,80,,,400,0.054,1.444,2.314103,,,0.1
2026-03-11T15:06:19.950273+00:00,runpod,A100_SXM,1,us,0.95,spot,True,,,80,,,400,0.054,1.004,1.608974,,,0.1
2026-03-11T15:06:19.950273+00:00,runpod,A30,1,us,0.41,on_demand,False,,,24,,,,,,,,,
2026-03-11T15:06:19.950273+00:00,runpod,A30,1,us,0.22,community,True,,,24,,,,,,,,,
2026-03-11T15:06:19.950273+00:00,runpod,A30,1,us,0.21,spot,False,,,24,,,,,,,,,
2026-03-11T15:06:19.950273+00:00,runpod,A40,1,us,0.4,on_demand,True,,,48,,,,,,,,,
2026-03-11T15:06:19.950273+00:00,runpod,A40,1,us,0.35,community,False,,,48,,,,,,,,,
2026-03-11T15:06:19.950273+00:00,runpod,A40,1,us,0.2,spot,True,,,48,,,,,,,,,
2026-03-11T15:06:19.950273+00:00,runpod,B200,1,us,4.99,on_demand,True,,,180,,,1000,0.135,5.125,1.138889,,,0.1
2026-03-11T15:06:19.950273+00:00,runpod,B200,1,us,5.98,community,True,,,180,,,1000,0.135,6.115,1.358889,,,0.1
2026-03-11T15:06:19.950273+00:00,runpod,B200,1,us,3.59,spot,True,,,180,,,1000,0.135,3.725,0.827778,,,0.1
2026-03-11T15:06:19.950273+00:00,runpod,B300,1,us,6.59,on_demand,False,,,288,,,,,,,,,
2026-03-11T15:06:19.950273+00:00,runpod,B300,1,us,6.19,community,True,,,288,,,,,,,,,
2026-03-11T15:06:19.950273+00:00,runpod,B300,1,us,6.59,spot,False,,,288,,,,,,,,,
2026-03-11T15:06:19.950273+00:00,runpod,RTX_3070,1,us,0.13,community,True,,,8,,,,,,,,,
2026-03-11T15:06:19.950273+00:00,runpod,RTX_3080,1,us,0.17,community,True,,,10,,,,,,,,,
2026-03-11T15:06:19.950273+00:00,runpod,RTX_3080_TI,1,us,0.18,community,True,,,12,,,,,,,,,
2026-03-11T15:06:19.950273+00:00,runpod,RTX_3090,1,us,0.46,on_demand,True,,,24,,,,,,,,,
2026-03-11T15:06:19.950273+00:00,runpod,RTX_3090,1,us,0.22,community,True,,,24,,,,,,,,,
2026-03-11T15:06:19.950273+00:00,runpod,RTX_3090,1,us,0.22,spot,True,,,24,,,,,,,,,
2026-03-11T15:06:19.950273+00:00,runpod,RTX_3090_TI,1,us,0.46,on_demand,False,,,24,,,,,,,,,
2026-03-11T15:06:19.950273+00:00,runpod,RTX_3090_TI,1,us,0.27,community,True,,,24,,,,,,,,,
2026-03-11T15:06:19.950273+00:00,runpod,RTX_4070_TI,1,us,0.5,on_demand,False,,,12,,,,,,,,,
2026-03-11T15:06:19.950273+00:00,runpod,RTX_4070_TI,1,us,0.19,community,True,,,12,,,,,,,,,
2026-03-11T15:06:19.950273+00:00,runpod,RTX_4080,1,us,0.5,on_demand,False,,,16,,,,,,,,,
2026-03-11T15:06:19.950273+00:00,runpod,RTX_4080,1,us,0.27,community,True,,,16,,,,,,,,,
2026-03-11T15:06:19.950273+00:00,runpod,RTX_4080_SUPER,1,us,0.5,on_demand,False,,,16,,,,,,,,,
2026-03-11T15:06:19.950273+00:00,runpod,RTX_4080_SUPER,1,us,0.28,community,True,,,16,,,,,,,,,
2026-03-11T15:06:19.950273+00:00,runpod,RTX_4090,1,us,0.59,on_demand,True,,,24,,,450,0.0608,0.6507,1.97197,,,0.1
2026-03-11T15:06:19.950273+00:00,runpod,RTX_4090,1,us,0.34,community,True,,,24,,,450,0.0608,0.4008,1.214394,,,0.1
2026-03-11T15:06:19.950273+00:00,runpod,RTX_4090,1,us,0.29,spot,True,,,24,,,450,0.0608,0.3508,1.062879,,,0.1
2026-03-11T15:06:19.950273+00:00,runpod,RTX_5080,1,us,0.59,on_demand,False,,,16,,,,,,,,,
2026-03-11T15:06:19.950273+00:00,runpod,RTX_5080,1,us,0.39,community,True,,,16,,,,,,,,,
2026-03-11T15:06:19.950273+00:00,runpod,RTX_5080,1,us,0.3,spot,False,,,16,,,,,,,,,
2026-03-11T15:06:19.950273+00:00,runpod,RTX_5090,1,us,0.89,on_demand,True,,,32,,,,,,,,,
2026-03-11T15:06:19.950273+00:00,runpod,RTX_5090,1,us,0.69,community,True,,,32,,,,,,,,,
2026-03-11T15:06:19.950273+00:00,runpod,RTX_5090,1,us,0.53,spot,True,,,32,,,,,,,,,
2026-03-11T15:06:19.950273+00:00,runpod,H100_SXM,1,us,2.69,on_demand,True,,,80,,,700,0.0945,2.7845,1.407024,,,0.1
2026-03-11T15:06:19.950273+00:00,runpod,H100_SXM,1,us,2.69,community,True,,,80,,,700,0.0945,2.7845,1.407024,,,0.1
2026-03-11T15:06:19.950273+00:00,runpod,H100_SXM,1,us,1.75,spot,True,,,80,,,700,0.0945,1.8445,0.932036,,,0.1
2026-03-11T15:06:19.950273+00:00,runpod,H100_NVL,1,us,3.07,on_demand,True,,,94,,,,,,,,,
2026-03-11T15:06:19.950273+00:00,runpod,H100_NVL,1,us,2.59,community,True,,,94,,,,,,,,,
2026-03-11T15:06:19.950273+00:00,runpod,H100_NVL,1,us,1.65,spot,True,,,94,,,,,,,,,
2026-03-11T15:06:19.950273+00:00,runpod,H100_PCIE,1,us,2.39,on_demand,True,,,80,,,,,,,,,
2026-03-11T15:06:19.950273+00:00,runpod,H100_PCIE,1,us,1.99,community,True,,,80,,,,,,,,,
2026-03-11T15:06:19.950273+00:00,runpod,H100_PCIE,1,us,1.25,spot,True,,,80,,,,,,,,,
2026-03-11T15:06:19.950273+00:00,runpod,H200_SXM,1,us,3.59,on_demand,True,,,141,,,700,0.0945,3.6845,1.861799,,,0.1
2026-03-11T15:06:19.950273+00:00,runpod,H200_SXM,1,us,3.59,community,True,,,141,,,700,0.0945,3.6845,1.861799,,,0.1
2026-03-11T15:06:19.950273+00:00,runpod,H200_SXM,1,us,2.29,spot,True,,,141,,,700,0.0945,2.3845,1.204901,,,0.1
2026-03-11T15:06:19.950273+00:00,runpod,NVIDIA_H200_NVL,1,us,3.39,on_demand,True,,,143,,,,,,,,,
2026-03-11T15:06:19.950273+00:00,runpod,NVIDIA_H200_NVL,1,us,0.5,community,False,,,143,,,,,,,,,
2026-03-11T15:06:19.950273+00:00,runpod,L4,1,us,0.39,on_demand,True,,,24,,,,,,,,,
2026-03-11T15:06:19.950273+00:00,runpod,L4,1,us,0.44,community,False,,,24,,,,,,,,,
2026-03-11T15:06:19.950273+00:00,runpod,L4,1,us,0.22,spot,True,,,24,,,,,,,,,
2026-03-11T15:06:19.950273+00:00,runpod,L40,1,us,0.99,on_demand,True,,,48,,,,,,,,,
2026-03-11T15:06:19.950273+00:00,runpod,L40,1,us,0.69,community,True,,,48,,,,,,,,,
2026-03-11T15:06:19.950273+00:00,runpod,L40,1,us,0.5,spot,True,,,48,,,,,,,,,
2026-03-11T15:06:19.950273+00:00,runpod,L40S,1,us,0.86,on_demand,True,,,48,,,350,0.0473,0.9073,1.237722,,,0.1
2026-03-11T15:06:19.950273+00:00,runpod,L40S,1,us,0.79,community,True,,,48,,,350,0.0473,0.8373,1.142224,,,0.1
2026-03-11T15:06:19.950273+00:00,runpod,L40S,1,us,0.26,spot,True,,,48,,,350,0.0473,0.3073,0.419168,,,0.1
2026-03-11T15:06:19.950273+00:00,runpod,RTX_2000_ADA,1,us,0.24,on_demand,True,,,16,,,,,,,,,
2026-03-11T15:06:19.950273+00:00,runpod,RTX_2000_ADA,1,us,0.5,community,False,,,16,,,,,,,,,
2026-03-11T15:06:19.950273+00:00,runpod,RTX_2000_ADA,1,us,0.14,spot,True,,,16,,,,,,,,,
2026-03-11T15:06:19.950273+00:00,runpod,RTX_4000_ADA,1,us,0.26,on_demand,True,,,20,,,,,,,,,
2026-03-11T15:06:19.950273+00:00,runpod,RTX_4000_ADA,1,us,0.2,community,True,,,20,,,,,,,,,
2026-03-11T15:06:19.950273+00:00,runpod,RTX_4000_ADA,1,us,0.19,spot,True,,,20,,,,,,,,,
2026-03-11T15:06:19.950273+00:00,runpod,RTX_4000_ADA_SFF,1,us,0.44,on_demand,False,,,20,,,,,,,,,
2026-03-11T15:06:19.950273+00:00,runpod,RTX_4000_ADA_SFF,1,us,0.18,community,True,,,20,,,,,,,,,
2026-03-11T15:06:19.950273+00:00,runpod,RTX_5000_ADA,1,us,0.83,on_demand,False,,,32,,,,,,,,,
2026-03-11T15:06:19.950273+00:00,runpod,RTX_5000_ADA,1,us,0.49,community,True,,,32,,,,,,,,,
2026-03-11T15:06:19.950273+00:00,runpod,RTX_5000_ADA,1,us,0.42,spot,False,,,32,,,,,,,,,
2026-03-11T15:06:19.950273+00:00,runpod,RTX_6000_ADA,1,us,0.77,on_demand,True,,,48,,,,,,,,,
2026-03-11T15:06:19.950273+00:00,runpod,RTX_6000_ADA,1,us,0.74,community,True,,,48,,,,,,,,,
2026-03-11T15:06:19.950273+00:00,runpod,RTX_6000_ADA,1,us,0.39,spot,True,,,48,,,,,,,,,
2026-03-11T15:06:19.950273+00:00,runpod,RTX_A4000,1,us,0.25,on_demand,True,,,16,,,,,,,,,
2026-03-11T15:06:19.950273+00:00,runpod,RTX_A4000,1,us,0.17,community,True,,,16,,,,,,,,,
2026-03-11T15:06:19.950273+00:00,runpod,RTX_A4000,1,us,0.16,spot,True,,,16,,,,,,,,,
2026-03-11T15:06:19.950273+00:00,runpod,RTX_A4500,1,us,0.25,on_demand,True,,,20,,,,,,,,,
2026-03-11T15:06:19.950273+00:00,runpod,RTX_A4500,1,us,0.19,community,True,,,20,,,,,,,,,
2026-03-11T15:06:19.950273+00:00,runpod,RTX_A4500,1,us,0.18,spot,True,,,20,,,,,,,,,
2026-03-11T15:06:19.950273+00:00,runpod,RTX_A5000,1,us,0.27,on_demand,True,,,24,,,,,,,,,
2026-03-11T15:06:19.950273+00:00,runpod,RTX_A5000,1,us,0.16,community,True,,,24,,,,,,,,,
2026-03-11T15:06:19.950273+00:00,runpod,RTX_A5000,1,us,0.14,spot,True,,,24,,,,,,,,,
2026-03-11T15:06:19.950273+00:00,runpod,RTX_A6000,1,us,0.49,on_demand,True,,,48,,,,,,,,,
2026-03-11T15:06:19.950273+00:00,runpod,RTX_A6000,1,us,0.33,community,True,,,48,,,,,,,,,
2026-03-11T15:06:19.950273+00:00,runpod,RTX_A6000,1,us,0.33,spot,True,,,48,,,,,,,,,
2026-03-11T15:06:19.950273+00:00,runpod,RTX_PRO_4500,1,us,0.54,on_demand,True,,,32,,,,,,,,,
2026-03-11T15:06:19.950273+00:00,runpod,RTX_PRO_4500,1,us,0.34,community,False,,,32,,,,,,,,,
2026-03-11T15:06:19.950273+00:00,runpod,RTX_PRO_4500,1,us,0.27,spot,True,,,32,,,,,,,,,
2026-03-11T15:06:19.950273+00:00,runpod,RTX_PRO_6000_MAXQ,1,us,0.5,on_demand,False,,,96,,,,,,,,,
2026-03-11T15:06:19.950273+00:00,runpod,RTX_PRO_6000_MAXQ,1,us,1.64,community,True,,,96,,,,,,,,,
2026-03-11T15:06:19.950273+00:00,runpod,RTX_PRO_6000,1,us,1.69,on_demand,True,,,96,,,,,,,,,
2026-03-11T15:06:19.950273+00:00,runpod,RTX_PRO_6000,1,us,1.69,community,True,,,96,,,,,,,,,
2026-03-11T15:06:19.950273+00:00,runpod,RTX_PRO_6000,1,us,1.19,spot,True,,,96,,,,,,,,,
2026-03-11T15:06:19.950273+00:00,runpod,RTX_PRO_6000_WK,1,us,1.89,on_demand,True,,,96,,,,,,,,,
2026-03-11T15:06:19.950273+00:00,runpod,RTX_PRO_6000_WK,1,us,1.69,community,True,,,96,,,,,,,,,
2026-03-11T15:06:19.950273+00:00,runpod,RTX_PRO_6000_WK,1,us,1.18,spot,True,,,96,,,,,,,,,
2026-03-11T15:06:19.950273+00:00,runpod,TESLA_V100,1,us,0.19,community,True,,,16,,,,,,,,,
2026-03-11T15:06:19.950273+00:00,runpod,V100_SXM2,1,us,0.23,community,True,,,16,,,,,,,,,
2026-03-11T15:06:19.950273+00:00,runpod,V100_SXM2_32GB,1,us,0.49,on_demand,False,,,32,,,,,,,,,
2026-03-11T15:06:19.950273+00:00,runpod,V100_SXM2_32GB,1,us,0.33,community,True,,,32,,,,,,,,,
2026-03-11T15:06:19.950273+00:00,runpod,V100_SXM2_32GB,1,us,0.25,spot,False,,,32,,,,,,,,,
